"F#TIME","R#0000","R#0001","R#0002","R#0003","R#0004","R#0005","R#0006","R#0007","R#0008","R#0009","R#0010","R#0011","R#0012","R#0013","R#0014","R#0015","R#0016","R#0017","R#0018","R#0019","R#0020","R#0021","R#0022","R#0023","R#0024","R#0025","R#0026","R#0027","R#0028","R#0029","R#0030","R#0031","R#0032","R#0033","R#0034","R#0035","R#0036","R#0037","R#0038","R#0039","R#0040","R#0041","R#0042","R#0043","R#0044","R#0045","R#0046","R#0047","R#0048","R#0049","R#0050","R#0051","R#0052","R#0053","R#0054","R#0055","R#0056","R#0057","R#0058","R#0059","R#0060","R#0061","R#0062","R#0063","R#0064","R#0065","R#0066","R#0067","R#0068","R#0069","R#0070","R#0071","R#0072","R#0073","R#0074","R#0075","R#0076","R#0077","R#0078","R#0079","R#0080","R#0081","R#0082","R#0083","R#0084","R#0085","R#0086","R#0087","R#0088","R#0089","R#0090","R#0091","R#0092","R#0093","R#0094","R#0095","Total","Z#TEST","Z#GTEST"
"2016-04-26 05:04:51.512","0","0","0","0","0","0","0","0","0","0","","","","","","","","","","","","","","","","","","","","","","","","","","","","","","","","","","","","","","","","","","","","","","","","","","","","","","","","","","","","","","","","","","","","","","","","","","","","","","","","","","","","","","","0","0","0"
"2016-04-26 05:04:52.487","0","0","0","0","0","0","0","0","0","0","","","","","","","","","","","","","","","","","","","","","","","","","","","","","","","","","","","","","","","","","","","","","","","","","","","","","","","","","","","","","","","","","","","","","","","","","","","","","","","","","","","","","","","0","10000","10000"
"2016-04-26 05:04:53.528","0","18","476","1600","4008","3500","1300","200","10","0","","","","","","","","","","","","","","","","","","","","","","","","","","","","","","","","","","","","","","","","","","","","","","","","","","","","","","","","","","","","","","","","","","","","","","","","","","","","","","","","","","","","","","","11112","20000","30000"
"2016-04-26 05:04:54.489","0","59","978","6044","14020","12766","4622","777","32","0","","","","","","","","","","","","","","","","","","","","","","","","","","","","","","","","","","","","","","","","","","","","","","","","","","","","","","","","","","","","","","","","","","","","","","","","","","","","","","","","","","","","","","","39298","30000","60000"
"2016-04-26 05:04:55.494","3","59","1978","12451","28021","25493","9335","1377","32","0","","","","","","","","","","","","","","","","","","","","","","","","","","","","","","","","","","","","","","","","","","","","","","","","","","","","","","","","","","","","","","","","","","","","","","","","","","","","","","","","","","","","","","","78749","40000","100000"
"2016-04-26 05:04:56.495","3","259","3273","19985","45497","41657","15044","2115","82","0","","","","","","","","","","","","","","","","","","","","","","","","","","","","","","","","","","","","","","","","","","","","","","","","","","","","","","","","","","","","","","","","","","","","","","","","","","","","","","","","","","","","","","","127915","50000","150000"
"2016-04-26 05:04:57.501","3","259","4973","29674","66943","61309","22359","3115","82","0","","","","","","","","","","","","","","","","","","","","","","","","","","","","","","","","","","","","","","","","","","","","","","","","","","","","","","","","","","","","","","","","","","","","","","","","","","","","","","","","","","","","","","","188717","60000","210000"
"2016-04-26 05:04:58.488","3","459","6653","41274","93443","85949","30959","4439","82","0","","","","","","","","","","","","","","","","","","","","","","","","","","","","","","","","","","","","","","","","","","","","","","","","","","","","","","","","","","","","","","","","","","","","","","","","","","","","","","","","","","","","","","","263261","70000","280000"
"2016-04-26 05:04:59.497","3","559","8753","53573","120421","110597","39926","5839","182","3","","","","","","","","","","","","","","","","","","","","","","","","","","","","","","","","","","","","","","","","","","","","","","","","","","","","","","","","","","","","","","","","","","","","","","","","","","","","","","","","","","","","","","","339856","80000","360000"
"2016-04-26 05:05:00.500","16","690","11153","68273","153421","141297","50750","7339","282","3","","","","","","","","","","","","","","","","","","","","","","","","","","","","","","","","","","","","","","","","","","","","","","","","","","","","","","","","","","","","","","","","","","","","","","","","","","","","","","","","","","","","","","","433224","90000","450000"
"2016-04-26 05:05:01.489","16","790","13601","84673","190583","175697","63150","9126","282","3","","","","","","","","","","","","","","","","","","","","","","","","","","","","","","","","","","","","","","","","","","","","","","","","","","","","","","","","","","","","","","","","","","","","","","","","","","","","","","","","","","","","","","","537921","100000","550000"
"2016-04-26 05:05:02.489","16","990","16401","101188","228316","210085","75753","10926","482","3","","","","","","","","","","","","","","","","","","","","","","","","","","","","","","","","","","","","","","","","","","","","","","","","","","","","","","","","","","","","","","","","","","","","","","","","","","","","","","","","","","","","","","","644160","110000","660000"
"2016-04-26 05:05:03.487","16","1190","19501","119931","271240","249234","89927","12926","482","3","","","","","","","","","","","","","","","","","","","","","","","","","","","","","","","","","","","","","","","","","","","","","","","","","","","","","","","","","","","","","","","","","","","","","","","","","","","","","","","","","","","","","","","764450","120000","780000"
"2016-04-26 05:05:04.510","16","1490","23201","141631","320004","293734","108727","15326","582","3","","","","","","","","","","","","","","","","","","","","","","","","","","","","","","","","","","","","","","","","","","","","","","","","","","","","","","","","","","","","","","","","","","","","","","","","","","","","","","","","","","","","","","","904714","130000","910000"
"2016-04-26 05:05:05.486","16","1690","26400","163886","370004","340634","122127","17526","682","3","","","","","","","","","","","","","","","","","","","","","","","","","","","","","","","","","","","","","","","","","","","","","","","","","","","","","","","","","","","","","","","","","","","","","","","","","","","","","","","","","","","","","","","1042968","140000","1050000"
"2016-04-26 05:05:06.918","16","2290","33401","193686","427021","395070","144353","22160","982","3","","","","","","","","","","","","","","","","","","","","","","","","","","","","","","","","","","","","","","","","","","","","","","","","","","","","","","","","","","","","","","","","","","","","","","","","","","","","","","","","","","","","","","","1218982","150000","1200000"
"2016-04-26 05:05:07.522","16","2290","35701","212729","468875","441784","161946","22760","982","3","","","","","","","","","","","","","","","","","","","","","","","","","","","","","","","","","","","","","","","","","","","","","","","","","","","","","","","","","","","","","","","","","","","","","","","","","","","","","","","","","","","","","","","1347086","160000","1360000"
"2016-04-26 05:05:08.488","16","2590","38601","239529","540035","496333","178546","25760","1082","3","","","","","","","","","","","","","","","","","","","","","","","","","","","","","","","","","","","","","","","","","","","","","","","","","","","","","","","","","","","","","","","","","","","","","","","","","","","","","","","","","","","","","","","1522495","170000","1530000"
"2016-04-26 05:05:09.489","16","3090","43301","268629","605535","557133","200339","29024","1282","3","","","","","","","","","","","","","","","","","","","","","","","","","","","","","","","","","","","","","","","","","","","","","","","","","","","","","","","","","","","","","","","","","","","","","","","","","","","","","","","","","","","","","","","1708352","180000","1710000"
"2016-04-26 05:05:10.488","16","3390","48177","299121","646935","600833","222970","32027","1382","3","","","","","","","","","","","","","","","","","","","","","","","","","","","","","","","","","","","","","","","","","","","","","","","","","","","","","","","","","","","","","","","","","","","","","","","","","","","","","","","","","","","","","","","1854854","190000","1900000"
"2016-04-26 05:05:11.528","16","3790","54277","329135","714731","675415","247547","35527","1582","3","","","","","","","","","","","","","","","","","","","","","","","","","","","","","","","","","","","","","","","","","","","","","","","","","","","","","","","","","","","","","","","","","","","","","","","","","","","","","","","","","","","","","","","2062023","200000","2100000"
"2016-04-26 05:05:12.488","16","4090","58877","363240","777172","742983","270447","39127","1682","3","","","","","","","","","","","","","","","","","","","","","","","","","","","","","","","","","","","","","","","","","","","","","","","","","","","","","","","","","","","","","","","","","","","","","","","","","","","","","","","","","","","","","","","2257637","210000","2310000"
"2016-04-26 05:05:13.511","116","4590","64677","398740","803572","771183","297340","42827","1882","3","","","","","","","","","","","","","","","","","","","","","","","","","","","","","","","","","","","","","","","","","","","","","","","","","","","","","","","","","","","","","","","","","","","","","","","","","","","","","","","","","","","","","","","2384930","220000","2530000"
"2016-04-26 05:05:14.487","116","4890","68977","427061","863652","837483","318012","45827","1982","3","","","","","","","","","","","","","","","","","","","","","","","","","","","","","","","","","","","","","","","","","","","","","","","","","","","","","","","","","","","","","","","","","","","","","","","","","","","","","","","","","","","","","","","2568003","230000","2760000"
"2016-04-26 05:05:15.485","116","5090","72971","451061","918952","893732","336112","48427","2082","3","","","","","","","","","","","","","","","","","","","","","","","","","","","","","","","","","","","","","","","","","","","","","","","","","","","","","","","","","","","","","","","","","","","","","","","","","","","","","","","","","","","","","","","2728546","240000","3000000"
"2016-04-26 05:05:16.486","116","5390","76774","474820","976768","953332","353663","50831","2282","3","","","","","","","","","","","","","","","","","","","","","","","","","","","","","","","","","","","","","","","","","","","","","","","","","","","","","","","","","","","","","","","","","","","","","","","","","","","","","","","","","","","","","","","2893979","250000","3250000"
"2016-04-26 05:05:17.488","116","5490","78674","486520","1003976","979664","362663","52031","2282","3","","","","","","","","","","","","","","","","","","","","","","","","","","","","","","","","","","","","","","","","","","","","","","","","","","","","","","","","","","","","","","","","","","","","","","","","","","","","","","","","","","","","","","","2971419","260000","3510000"
"2016-04-26 05:05:18.486","116","5790","83074","514120","1063441","1044164","382763","55031","2482","3","","","","","","","","","","","","","","","","","","","","","","","","","","","","","","","","","","","","","","","","","","","","","","","","","","","","","","","","","","","","","","","","","","","","","","","","","","","","","","","","","","","","","","","3150984","270000","3780000"
"2016-04-26 05:05:19.495","116","6183","87774","542420","1128676","1103664","404063","58007","2582","3","","","","","","","","","","","","","","","","","","","","","","","","","","","","","","","","","","","","","","","","","","","","","","","","","","","","","","","","","","","","","","","","","","","","","","","","","","","","","","","","","","","","","","","3333488","280000","4060000"
"2016-04-26 05:05:20.490","216","6483","91874","567583","1186413","1161362","422588","60707","2682","3","","","","","","","","","","","","","","","","","","","","","","","","","","","","","","","","","","","","","","","","","","","","","","","","","","","","","","","","","","","","","","","","","","","","","","","","","","","","","","","","","","","","","","","3499911","290000","4350000"
"2016-04-26 05:05:21.486","216","6583","93974","580483","1216113","1195662","432288","62007","2782","3","","","","","","","","","","","","","","","","","","","","","","","","","","","","","","","","","","","","","","","","","","","","","","","","","","","","","","","","","","","","","","","","","","","","","","","","","","","","","","","","","","","","","","","3590111","300000","4650000"
"2016-04-26 05:05:22.485","216","6883","98146","605634","1274728","1260312","451115","64510","2882","3","","","","","","","","","","","","","","","","","","","","","","","","","","","","","","","","","","","","","","","","","","","","","","","","","","","","","","","","","","","","","","","","","","","","","","","","","","","","","","","","","","","","","","","3764429","310000","4960000"
"2016-04-26 05:05:23.488","216","7283","101850","628950","1331228","1309550","468430","67112","2982","37","","","","","","","","","","","","","","","","","","","","","","","","","","","","","","","","","","","","","","","","","","","","","","","","","","","","","","","","","","","","","","","","","","","","","","","","","","","","","","","","","","","","","","","3917638","320000","5280000"
"2016-04-26 05:05:24.486","216","7583","106050","654350","1388148","1362850","487189","69812","3182","37","","","","","","","","","","","","","","","","","","","","","","","","","","","","","","","","","","","","","","","","","","","","","","","","","","","","","","","","","","","","","","","","","","","","","","","","","","","","","","","","","","","","","","","4079417","330000","5610000"
"2016-04-26 05:05:25.913","216","7783","109550","676150","1436570","1408952","503289","72212","3282","37","","","","","","","","","","","","","","","","","","","","","","","","","","","","","","","","","","","","","","","","","","","","","","","","","","","","","","","","","","","","","","","","","","","","","","","","","","","","","","","","","","","","","","","4218041","340000","5950000"
"2016-04-26 05:05:26.488","216","7983","111750","690250","1469470","1439152","513989","73712","3282","37","","","","","","","","","","","","","","","","","","","","","","","","","","","","","","","","","","","","","","","","","","","","","","","","","","","","","","","","","","","","","","","","","","","","","","","","","","","","","","","","","","","","","","","4309841","350000","6300000"
"2016-04-26 05:05:27.486","216","8283","115550","714251","1524870","1488912","531855","76312","3382","37","","","","","","","","","","","","","","","","","","","","","","","","","","","","","","","","","","","","","","","","","","","","","","","","","","","","","","","","","","","","","","","","","","","","","","","","","","","","","","","","","","","","","","","4463668","360000","6660000"
"2016-04-26 05:05:28.486","216","8483","119750","739651","1582796","1541612","550355","79012","3582","37","","","","","","","","","","","","","","","","","","","","","","","","","","","","","","","","","","","","","","","","","","","","","","","","","","","","","","","","","","","","","","","","","","","","","","","","","","","","","","","","","","","","","","","4625494","370000","7030000"
"2016-04-26 05:05:29.487","216","8783","123797","764479","1641121","1593693","568951","81632","3682","37","","","","","","","","","","","","","","","","","","","","","","","","","","","","","","","","","","","","","","","","","","","","","","","","","","","","","","","","","","","","","","","","","","","","","","","","","","","","","","","","","","","","","","","4786391","380000","7410000"
"2016-04-26 05:05:30.485","216","9083","127697","788989","1698317","1644517","586859","84232","3859","37","","","","","","","","","","","","","","","","","","","","","","","","","","","","","","","","","","","","","","","","","","","","","","","","","","","","","","","","","","","","","","","","","","","","","","","","","","","","","","","","","","","","","","","4943806","390000","7800000"
"2016-04-26 05:05:31.502","216","9264","129197","798189","1718717","1663321","593759","85232","3859","37","0","","","","","","","","","","","","","","","","","","","","","","","","","","","","","","","","","","","","","","","","","","","","","","","","","","","","","","","","","","","","","","","","","","","","","","","","","","","","","","","","","","","","","","5001791","400000","8200000"
"2016-04-26 05:05:32.489","216","9564","133497","824689","1772133","1718121","613059","88032","3959","37","53213","","","","","","","","","","","","","","","","","","","","","","","","","","","","","","","","","","","","","","","","","","","","","","","","","","","","","","","","","","","","","","","","","","","","","","","","","","","","","","","","","","","","","","5216520","410000","8610000"
"2016-04-26 05:05:33.486","216","9864","138097","854089","1837318","1773009","635359","91432","4159","37","114816","","","","","","","","","","","","","","","","","","","","","","","","","","","","","","","","","","","","","","","","","","","","","","","","","","","","","","","","","","","","","","","","","","","","","","","","","","","","","","","","","","","","","","5458396","420000","9030000"
"2016-04-26 05:05:34.486","216","10364","143090","885238","1904369","1831954","657771","94732","4259","37","180163","","","","","","","","","","","","","","","","","","","","","","","","","","","","","","","","","","","","","","","","","","","","","","","","","","","","","","","","","","","","","","","","","","","","","","","","","","","","","","","","","","","","","","5712193","430000","9460000"
"2016-04-26 05:05:35.951","316","10564","146990","909038","1958335","1883554","675971","97332","4459","37","231116","","","","","","","","","","","","","","","","","","","","","","","","","","","","","","","","","","","","","","","","","","","","","","","","","","","","","","","","","","","","","","","","","","","","","","","","","","","","","","","","","","","","","","5917712","440000","9900000"
"2016-04-26 05:05:36.486","316","10864","150490","930938","2005737","1933254","691971","99732","4459","37","277960","","","","","","","","","","","","","","","","","","","","","","","","","","","","","","","","","","","","","","","","","","","","","","","","","","","","","","","","","","","","","","","","","","","","","","","","","","","","","","","","","","","","","","6105758","450000","10350000"
"2016-04-26 05:05:37.486","316","11264","157094","971102","2094618","2011710","721865","104055","4759","37","370549","","","","","","","","","","","","","","","","","","","","","","","","","","","","","","","","","","","","","","","","","","","","","","","","","","","","","","","","","","","","","","","","","","","","","","","","","","","","","","","","","","","","","","6447369","460000","10810000"
"2016-04-26 05:05:38.486","316","11664","161396","997716","2154147","2069724","741675","107055","4859","37","425135","","","","","","","","","","","","","","","","","","","","","","","","","","","","","","","","","","","","","","","","","","","","","","","","","","","","","","","","","","","","","","","","","","","","","","","","","","","","","","","","","","","","","","6673724","470000","11280000"
"2016-04-26 05:05:40.040","316","11964","165696","1023716","2210189","2118224","761075","109835","5059","37","485308","17100","0","","","","","","","","","","","","","","","","","","","","","","","","","","","","","","","","","","","","","","","","","","","","","","","","","","","","","","","","","","","","","","","","","","","","","","","","","","","","","","","","","","","","6908519","480000","11760000"
"2016-04-26 05:05:40.490","316","12164","168780","1042965","2250789","2161052","775589","111935","5159","37","528187","59922","40677","","","","","","","","","","","","","","","","","","","","","","","","","","","","","","","","","","","","","","","","","","","","","","","","","","","","","","","","","","","","","","","","","","","","","","","","","","","","","","","","","","","","7157572","490000","12250000"
"2016-04-26 05:05:41.484","316","12664","175880","1086765","2346812","2260727","808104","116635","5359","37","631680","155528","143013","","","","","","","","","","","","","","","","","","","","","","","","","","","","","","","","","","","","","","","","","","","","","","","","","","","","","","","","","","","","","","","","","","","","","","","","","","","","","","","","","","","","7743520","500000","12750000"
"2016-04-26 05:05:42.688","316","12964","179880","1111465","2400198","2314727","826204","119335","5459","37","689513","213674","202057","","","","","","","","","","","","","","","","","","","","","","","","","","","","","","","","","","","","","","","","","","","","","","","","","","","","","","","","","","","","","","","","","","","","","","","","","","","","","","","","","","","","8075829","510000","13260000"
"2016-04-26 05:05:43.483","316","13464","185480","1145665","2475534","2387629","851904","122935","5659","37","776914","295076","280771","","","","","","","","","","","","","","","","","","","","","","","","","","","","","","","","","","","","","","","","","","","","","","","","","","","","","","","","","","","","","","","","","","","","","","","","","","","","","","","","","","","","8541384","520000","13780000"
"2016-04-26 05:05:44.486","316","13964","192580","1188765","2569961","2478129","884128","127535","5859","37","882116","400015","381044","","","","","","","","","","","","","","","","","","","","","","","","","","","","","","","","","","","","","","","","","","","","","","","","","","","","","","","","","","","","","","","","","","","","","","","","","","","","","","","","","","","","9124449","530000","14310000"
"2016-04-26 05:05:45.493","316","14164","196080","1210167","2617310","2521129","900128","129935","5959","37","937433","449491","428692","","","","","","","","","","","","","","","","","","","","","","","","","","","","","","","","","","","","","","","","","","","","","","","","","","","","","","","","","","","","","","","","","","","","","","","","","","","","","","","","","","","","9410841","540000","14850000"
"2016-04-26 05:05:46.483","416","14664","203143","1254467","2713339","2614317","933072","134681","6159","37","1040916","546274","530895","","","","","","","","","","","","","","","","","","","","","","","","","","","","","","","","","","","","","","","","","","","","","","","","","","","","","","","","","","","","","","","","","","","","","","","","","","","","","","","","","","","","9992380","550000","15400000"
"2016-04-26 05:05:47.485","416","15264","210247","1297741","2811171","2705289","965491","139383","6459","37","1143097","640894","629418","","","","","","","","","","","","","","","","","","","","","","","","","","","","","","","","","","","","","","","","","","","","","","","","","","","","","","","","","","","","","","","","","","","","","","","","","","","","","","","","","","","","10564907","560000","15960000"
"2016-04-26 05:05:48.502","416","15464","214047","1320941","2861858","2752989","982921","141783","6559","37","1199827","693240","682877","14644","","","","","","","","","","","","","","","","","","","","","","","","","","","","","","","","","","","","","","","","","","","","","","","","","","","","","","","","","","","","","","","","","","","","","","","","","","","","","","","","","","","10887603","570000","16530000"
"2016-04-26 05:05:49.507","416","15964","221047","1363241","2953218","2841089","1014521","146383","6759","37","1295378","789544","774263","112428","","","","","","","","","","","","","","","","","","","","","","","","","","","","","","","","","","","","","","","","","","","","","","","","","","","","","","","","","","","","","","","","","","","","","","","","","","","","","","","","","","","11534288","580000","17110000"
"2016-04-26 05:05:50.490","416","16464","227668","1405108","3043422","2924770","1044641","150783","6959","37","1387352","890784","864840","204112","","","","","","","","","","","","","","","","","","","","","","","","","","","","","","","","","","","","","","","","","","","","","","","","","","","","","","","","","","","","","","","","","","","","","","","","","","","","","","","","","","","12167356","590000","17700000"
"2016-04-26 05:05:51.496","416","16664","230968","1424708","3086354","2969070","1059741","152883","7059","37","1430151","936988","905093","248094","","","","","","","","","","","","","","","","","","","","","","","","","","","","","","","","","","","","","","","","","","","","","","","","","","","","","","","","","","","","","","","","","","","","","","","","","","","","","","","","","","","12468226","600000","18300000"
"2016-04-26 05:05:52.485","416","17264","237768","1467508","3177898","3057610","1091041","157583","7359","37","1527856","1035265","997638","339805","","","","","","","","","","","","","","","","","","","","","","","","","","","","","","","","","","","","","","","","","","","","","","","","","","","","","","","","","","","","","","","","","","","","","","","","","","","","","","","","","","","13115048","610000","18910000"
"2016-04-26 05:05:53.870","416","17664","243968","1505608","3260136","3137610","1119341","161683","7459","37","1617674","1118251","1085132","429838","0","","","","","","","","","","","","","","","","","","","","","","","","","","","","","","","","","","","","","","","","","","","","","","","","","","","","","","","","","","","","","","","","","","","","","","","","","","","","","","","","","","13704817","620000","19530000"
"2016-04-26 05:05:54.491","416","17964","248168","1530408","3313948","3188239","1137941","164383","7659","37","1671738","1174272","1139362","489272","52611","","","","","","","","","","","","","","","","","","","","","","","","","","","","","","","","","","","","","","","","","","","","","","","","","","","","","","","","","","","","","","","","","","","","","","","","","","","","","","","","","","14136418","630000","20160000"
"2016-04-26 05:05:55.486","516","18464","253968","1567208","3391656","3263039","1165341","168483","7859","37","1754084","1253868","1223463","582890","143176","80821","","","","","","","","","","","","","","","","","","","","","","","","","","","","","","","","","","","","","","","","","","","","","","","","","","","","","","","","","","","","","","","","","","","","","","","","","","","","","","","","","14874873","640000","20800000"
"2016-04-26 05:05:56.581","516","18764","257467","1590865","3438892","3313655","1181486","170850","7959","37","1812926","1310180","1278243","628985","200737","131647","","","","","","","","","","","","","","","","","","","","","","","","","","","","","","","","","","","","","","","","","","","","","","","","","","","","","","","","","","","","","","","","","","","","","","","","","","","","","","","","","15343209","650000","21450000"
"2016-04-26 05:05:57.525","516","19164","263170","1622873","3518611","3380680","1207699","174451","8059","37","1890406","1398806","1364128","712944","276783","224864","","","","","","","","","","","","","","","","","","","","","","","","","","","","","","","","","","","","","","","","","","","","","","","","","","","","","","","","","","","","","","","","","","","","","","","","","","","","","","","","","16063191","660000","22110000"
"2016-04-26 05:05:58.513","516","19564","269170","1660573","3598419","3461322","1234899","178551","8359","37","1976915","1483194","1450285","803690","365738","308653","","","","","","","","","","","","","","","","","","","","","","","","","","","","","","","","","","","","","","","","","","","","","","","","","","","","","","","","","","","","","","","","","","","","","","","","","","","","","","","","","16819885","670000","22780000"
"2016-04-26 05:05:59.494","516","19764","272470","1681673","3641504","3496122","1250299","180751","8459","37","2024619","1528762","1497221","850048","410168","354337","34748","","","","","","","","","","","","","","","","","","","","","","","","","","","","","","","","","","","","","","","","","","","","","","","","","","","","","","","","","","","","","","","","","","","","","","","","","","","","","","","","17251498","680000","23460000"
"2016-04-26 05:06:00.489","516","20264","278070","1715598","3715260","3574178","1275892","184451","8559","37","2100654","1608439","1578350","922513","487070","435360","114070","","","","","","","","","","","","","","","","","","","","","","","","","","","","","","","","","","","","","","","","","","","","","","","","","","","","","","","","","","","","","","","","","","","","","","","","","","","","","","","","18019281","690000","24150000"
"2016-04-26 05:06:01.492","516","20564","282170","1740952","3769621","3628607","1294453","187051","8759","37","2154113","1661080","1635829","977179","540771","490581","173013","","","","","","","","","","","","","","","","","","","","","","","","","","","","","","","","","","","","","","","","","","","","","","","","","","","","","","","","","","","","","","","","","","","","","","","","","","","","","","","","18565296","700000","24850000"
"2016-04-26 05:06:02.519","516","20964","287670","1775752","3842146","3699807","1319353","190851","8859","37","2227521","1742802","1716343","1050634","624862","569615","255996","","","","","","","","","","","","","","","","","","","","","","","","","","","","","","","","","","","","","","","","","","","","","","","","","","","","","","","","","","","","","","","","","","","","","","","","","","","","","","","","19333728","710000","25560000"
"2016-04-26 05:06:03.490","516","21364","293270","1809752","3916769","3771691","1345153","194551","9059","37","2301317","1822737","1787263","1127180","707643","647077","330547","","","","","","","","","","","","","","","","","","","","","","","","","","","","","","","","","","","","","","","","","","","","","","","","","","","","","","","","","","","","","","","","","","","","","","","","","","","","","","","","20085926","720000","26280000"
"2016-04-26 05:06:04.486","516","21664","296970","1832952","3966586","3818691","1362853","197051","9159","37","2358354","1880345","1846969","1186352","760084","706560","393200","7650","6542","","","","","","","","","","","","","","","","","","","","","","","","","","","","","","","","","","","","","","","","","","","","","","","","","","","","","","","","","","","","","","","","","","","","","","","","","","","","","","20652535","730000","27010000"
"2016-04-26 05:06:05.491","516","22064","302370","1866252","4036539","3886891","1387253","200651","9359","37","2425828","1945450","1916590","1256033","834979","773292","450559","80580","76580","","","","","","","","","","","","","","","","","","","","","","","","","","","","","","","","","","","","","","","","","","","","","","","","","","","","","","","","","","","","","","","","","","","","","","","","","","","","","","21471823","740000","27750000"
"2016-04-26 05:06:06.515","516","22164","304470","1878415","4063479","3914565","1396439","201794","9359","37","2470994","1995015","1963285","1296130","882423","825712","503368","117979","114323","36144","16159","15942","12507","13370","12441","10429","5481","7277","1422","118","","","","","","","","","","","","","","","","","","","","","","","","","","","","","","","","","","","","","","","","","","","","","","","","","","","","","","","","","","","","","","","","","","","22091757","750000","28500000"
"2016-04-26 05:06:07.685","616","22364","306871","1894521","4091880","3948695","1405547","203194","9559","37","2518692","2008834","2007259","1332742","921404","867567","545253","161902","140316","70411","59102","52907","36431","37991","45464","44521","49622","45282","39781","34051","21740","24535","24652","23181","0","6399","4207","","","","","","","","","","","","","","","","","","","","","","","","","","","","","","","","","","","","","","","","","","","","","","","","","","","","","","","","","","","","23007530","760000","29260000"
"2016-04-26 05:06:08.901","616","22564","308471","1905221","4124674","3964895","1422238","205386","9659","37","2541427","2063943","2052161","1361497","945351","910431","565627","199944","183095","94545","99286","93466","53499","69894","72668","57957","75790","76892","76286","63870","74002","49892","53260","32418","32579","36166","37245","24761","24975","27588","18099","7625","5157","1254","","","","","","","","","","","","","","","","","","","","","","","","","","","","","","","","","","","","","","","","","","","","","","","","","","","","","24046411","770000","30030000"
"2016-04-26 05:06:09.973","616","22664","311630","1919887","4140541","3994992","1431238","206686","9659","37","2570777","2084415","2059634","1393841","959199","933593","589632","233974","205627","126829","124216","134518","65765","105151","82414","82127","79132","107037","98133","85969","108761","74238","93588","43724","79581","72492","66970","24761","51108","44471","59348","27757","35313","41218","9863","29363","20955","","","","","","","","","","","","","","","","","","","","","","","","","","","","","","","","","","","","","","","","","","","","","","","","","","25043444","780000","30810000"
"2016-04-26 05:06:10.745","616","22764","312830","1928587","4150771","4001892","1436738","206786","9659","37","2613302","2096267","2085917","1401189","980585","934676","633062","242280","242432","147150","136922","153685","90467","140926","94293","113930","100890","129537","134007","106321","119507","78679","125616","58807","100880","78983","77262","27399","68708","73800","64230","27757","60395","46382","37832","29363","38028","0","0","","","","","","","","","","","","","","","","","","","","","","","","","","","","","","","","","","","","","","","","","","","","","","","","25762146","790000","31600000"
"2016-04-26 05:06:11.578","616","22764","312830","1937387","4153976","4003192","1437438","207986","9659","37","2618219","2126733","2103556","1433671","1000464","979155","648695","252175","251384","169138","163039","163889","136950","151468","116579","140497","107776","145758","139063","141961","131884","100880","127793","83156","108191","95520","97937","30509","88092","88972","78922","68430","75600","61361","49690","56085","40471","27742","26840","7686","1415","3912","3314","1219","1455","582","0","0","","","","","","","","","","","","","","","","","","","","","","","","","","","","","","","","","","","","","","","26533713","800000","32400000"
"2016-04-26 05:06:12.832","616","22964","315030","1949987","4193442","4015992","1443038","209386","9759","37","2651317","2170648","2117079","1437809","1046128","979756","657329","289223","285956","188169","192213","164609","184490","185657","172728","162881","112704","165246","143475","147612","134199","165336","139376","127040","118266","109437","131629","45902","117370","121521","105974","83429","105118","87812","80453","86622","59916","59275","60117","12239","27567","8424","4619","32398","1455","29235","34232","30219","26566","2105","","","","","","","","","","","","","","","","","","","","","","","","","","","","","","","","","","","","","27763131","810000","33210000"
"2016-04-26 05:06:13.828","616","23064","317430","1949987","4195573","4017692","1449638","210886","9859","37","2681713","2178842","2132614","1437809","1059586","993076","671580","309799","303886","227013","211975","165297","185936","194248","172728","188553","164198","204068","177549","167005","176771","178399","148348","141029","154703","125386","162922","61556","143919","135326","123286","113583","112080","124665","93467","95436","77883","75468","60117","27229","27567","22983","36205","63494","1455","33075","57865","59109","50954","15773","23405","334","0","","","","","","","","","","","","","","","","","","","","","","","","","","","","","","","","","","28726049","820000","34030000"
"2016-04-26 05:06:14.951","616","23164","319130","1970411","4236376","4024592","1457838","210886","9859","37","2706233","2200840","2144374","1468174","1063465","1055191","697108","311134","313211","229095","238325","201254","190712","200757","176492","214381","170001","214229","180688","222265","190912","185914","148348","141029","169767","139576","184490","137009","154031","145303","168293","119500","154444","147125","132660","95436","96736","113032","93832","27229","42245","26024","37676","63815","3024","67380","73615","77937","66691","55692","51593","334","5059","0","","","","","","","","","","","","","","","","","","","","","","","","","","","","","","","","","29766589","830000","34860000"
"2016-04-26 05:06:16.846","616","23195","319130","1988711","4246548","4049492","1471621","213475","9959","37","2733302","2218185","2229054","1534271","1067948","1097337","722700","325573","315982","252563","253353","209782","203378","267510","202154","260548","210456","263928","241109","261201","211685","193511","200391","141029","183839","221178","211758","160898","154031","203898","185294","194892","192401","170774","151163","137896","150412","127755","133035","63374","98639","47386","105825","112239","20064","120319","104444","87852","108810","80628","81790","28240","53876","37960","17653","0","","","","","","","","","","","","","","","","","","","","","","","","","","","","","","","31688057","840000","35700000"
"2016-04-26 05:06:17.622","616","23295","322492","1992147","4254170","4055492","1478021","214275","9959","37","2748671","2220027","2229054","1546835","1112877","1104336","753373","332476","323349","293807","258627","239662","209700","280446","219830","277185","218062","265929","270483","268832","212530","214444","249308","141029","223657","228513","231570","160898","171595","222261","207914","195225","201105","192515","164838","178307","153678","154615","133035","72124","99216","54983","105825","112239","41816","134058","104444","124372","108810","80628","81790","50391","56902","58649","45516","2824","0","400","","","","","","","","","","","","","","","","","","","","","","","","","","","","","32496089","850000","36550000"
"2016-04-26 05:06:17.959","616","23395","322692","1995247","4269781","4058892","1478040","214275","9959","37","2748796","2220027","2229054","1565358","1122809","1111522","765023","335377","325324","299874","261661","241670","229724","285631","222214","277185","236982","265929","270483","276577","227723","222549","249308","146840","229780","228513","231570","169683","185787","224240","218037","195225","201105","199620","164838","183548","153678","161002","149099","77701","115381","63927","108992","115100","59300","140548","104815","126321","108810","80922","81790","64971","56902","58649","49938","4254","11","4027","","","","","","","","","","","","","","","","","","","","","","","","","","","","","32828658","860000","37410000"
"2016-04-26 05:06:19.091","616","23395","323292","2001447","4288185","4071092","1487242","214775","9959","37","2764048","2248472","2253450","1570114","1149540","1118755","776189","375656","342781","300763","300722","260322","280365","285631","283762","289921","274650","299288","283176","284737","262302","258066","275771","186848","238282","233435","248614","187807","194262","238227","229581","215103","214764","205020","164838","183685","174365","167969","173566","105049","139166","79992","125528","142632","72399","145974","131395","134507","118423","105826","104660","71914","76353","74139","57543","21895","16838","13988","0","3600","2970","","","","","","","","","","","","","","","","","","","","","","","","","","33959678","870000","38280000"
"2016-04-26 05:06:22.975","616","23695","327892","2025547","4364173","4103518","1503442","217724","10059","37","2827882","2325201","2313954","1623294","1209407","1186218","837347","424532","430730","380292","343486","315135","307433","343102","360456","315754","343862","348501","336544","346664","336871","313210","337193","310078","302406","294637","271257","309150","279025","304923","249789","273064","287386","266775","250548","248315","238543","225929","216792","166538","170473","149934","217603","208369","213064","165672","146926","198661","150777","189325","169754","135465","134931","124774","119143","75973","59344","58088","17522","22780","28468","23935","12692","16471","5692","2650","7283","100","7457","2860","1396","","","","","","","","","","","","","","","","37816508","880000","39160000"
"2016-04-26 05:06:23.038","616","23695","327892","2025547","4366735","4105318","1505142","217724","10059","37","2827882","2325577","2313954","1623294","1209407","1186218","837347","424532","430730","380292","343486","315135","311403","345284","360456","315754","343862","349837","337173","346664","336871","313210","337193","311444","307662","294637","273449","309150","279025","304923","249789","273064","287386","266775","250548","248315","238543","225929","216792","167152","170473","149934","217603","208369","213064","169198","146926","198661","150777","189325","169754","135465","134931","127176","119143","75973","59344","58088","17522","22780","28468","24854","12692","16471","5692","2650","7283","100","7457","2860","1396","","","","","","","","","","","","","","","","37847338","890000","40050000"
"2016-04-26 05:06:23.091","616","23695","327892","2025547","4372290","4105518","1509464","217724","10059","37","2827882","2327052","2313954","1623294","1209407","1186218","837347","426993","430730","380292","343486","315135","314338","348487","360456","315754","343862","352959","339798","346664","336871","313210","337193","316821","307662","297403","274903","309150","279025","305201","249789","273064","287386","266775","250787","248315","238543","225929","216792","168977","170473","149934","217603","208369","213064","174373","146926","198661","150777","189325","169754","135465","134931","129601","119143","76239","59344","58088","17522","22780","28468","27254","12692","16471","5692","2650","7283","1090","7457","2860","1396","","","","","","","","","","","","","","","","37896431","900000","40950000"
"2016-04-26 05:06:23.118","616","23695","327892","2025547","4372674","4105518","1509464","217724","10059","37","2827882","2327937","2313954","1623294","1209407","1186218","837347","427953","430730","380292","343486","315135","314338","351923","360456","320686","343862","352959","339798","347024","337296","313210","337193","317538","307662","298131","277992","309150","279025","305201","249789","273064","287386","266775","250900","248315","238543","228249","217695","169114","172262","150106","217603","208369","213064","174373","146926","198661","150777","189325","169754","135565","134931","131422","119143","80253","59344","58088","17522","22780","28468","27254","12692","16471","8159","2650","7283","1268","7457","2860","1396","","","","","","","","","","","","","","","","37926361","910000","41860000"
"2016-04-26 05:06:23.680","616","23695","327892","2025547","4402160","4109818","1509464","218324","10159","37","2828168","2332078","2325248","1633448","1222913","1186218","837347","444869","430730","380292","364756","315647","317176","352358","360456","356152","352420","353059","353432","348583","337296","322915","347948","343536","307662","319434","277992","309150","293622","305201","267559","273064","287386","266775","256826","258366","238543","238903","223049","174144","215052","186880","230376","208369","213064","199418","169220","198661","180853","198691","182984","135847","140814","131810","119143","80253","60211","58464","17522","26205","34046","27254","13006","16471","9736","7598","7283","8444","9527","4087","7711","4133","","","","","","","","","","","","","","","38475566","920000","42780000"
"2016-04-26 05:06:25.780","616","23895","330304","2047137","4448089","4131918","1521001","218324","10259","37","2851257","2361391","2349520","1658484","1256712","1207803","867259","444869","483732","417552","404964","366312","356445","384979","384766","375585","381744","401146","373794","383717","353075","348203","347948","359828","349665","343236","332794","322183","339985","345670","306925","305906","306042","289563","291564","277514","273224","241340","285139","185881","245214","215197","256468","245379","251254","222262","230370","224782","217323","232575","191923","169908","172894","183936","157660","91602","65353","75693","25086","72601","35600","54049","29786","41216","35636","38460","19891","34143","29757","27759","13164","9537","0","0","","","","","","","","","","","","","40565774","930000","43710000"
"2016-04-26 05:06:25.861","616","23895","330304","2047137","4450668","4131918","1521001","218324","10259","37","2851257","2362699","2349520","1658484","1256712","1207803","872330","444869","488532","417552","404964","366312","358951","388510","384766","381956","381744","401146","373794","385371","353075","348203","347948","363594","349665","343236","339351","322183","339985","345670","313975","305906","306042","290495","291564","281472","273224","241340","285139","185881","245214","215197","256468","245379","251254","225241","230370","224782","217323","232575","191923","173800","172894","183936","157660","91602","65353","82841","25086","73147","35600","54049","29786","41216","35636","38460","19891","34143","29757","27759","15687","9537","0","0","","","","","","","","","","","","","40632945","940000","44650000"
"2016-04-26 05:06:27.158","616","24095","331790","2055056","4460941","4136033","1527070","220488","10259","37","2874934","2376836","2359384","1678136","1266590","1235661","884418","445678","495029","428838","407879","408369","394450","413608","413637","401738","394883","404007","389443","397443","376462","371218","360818","380219","355660","355596","361613","367072","354056","357377","358596","307716","325722","290495","299614","301203","286417","275369","296693","233781","258110","251000","270097","250903","260023","251159","244552","241098","258709","243994","198423","177431","184849","198776","163166","91602","71561","95999","43271","80909","73117","67567","61921","41516","44577","48130","45748","45793","43753","46253","28165","33302","8259","9826","10869","0","0","286","","","","","","","","","41897757","950000","45600000"
"2016-04-26 05:06:28.909","616","24095","333190","2062161","4485591","4161079","1534278","221288","10259","37","2898918","2394947","2376434","1710197","1277872","1254000","904593","455196","534435","447482","435744","445321","415675","430534","428710","416009","404147","419170","404586","411530","411222","396306","396675","399858","379372","363171","379185","379029","368203","379396","376016","330533","356068","341399","317590","322997","294285","293501","309656","272433","271940","270631","277644","268252","273530","268619","272247","264177","277192","262051","229607","207297","200684","216509","181847","129404","108719","109037","56941","92794","101830","86077","83378","63861","58196","61100","59447","59548","53238","57057","52177","47506","36856","23291","23245","14736","11167","11564","13184","1869","4631","6005","8612","2863","","","43545549","960000","46560000"
"2016-04-26 05:06:29.168","616","24095","333190","2069361","4501406","4169958","1535178","221288","10359","37","2898918","2404458","2376434","1710197","1277872","1254000","920814","470473","534435","447482","435744","445321","415675","431325","428710","416009","408525","419170","404586","412622","411222","396306","416529","399858","387809","365627","379185","387060","368203","379396","376016","330533","356068","341399","327175","326955","297371","293501","312405","272433","279402","270631","277644","281466","273530","285460","272247","264177","277192","262051","229607","207297","200684","216509","195605","129404","108719","109037","63821","96481","112357","98447","83378","63861","58363","61100","59447","59548","53238","57057","52177","47506","36856","23291","23245","18977","11167","11564","13184","1869","13290","6005","8612","2863","0","","43781675","970000","47530000"
"2016-04-26 05:06:30.240","616","24095","333190","2080061","4512656","4169958","1543778","221288","10359","37","2911147","2408799","2380344","1721923","1277872","1254000","930592","470473","535834","488071","438106","450414","431324","444913","430494","420327","420715","438311","406887","412622","411222","396695","416529","407002","387809","390191","380952","392533","376305","391131","383384","378601","356068","341399","365691","356737","352069","319542","335389","291735","289972","294289","309441","301816","273530","287354","272247","268358","277192","293392","238608","236775","212535","216509","237185","129404","108719","111297","63821","96481","117505","106016","91907","63861","90623","107641","68465","84247","54574","71733","66784","47506","58678","23291","31481","28987","41881","11564","35900","1869","25302","6005","27179","33304","2730","0","44818148","980000","48510000"
"2016-04-26 05:06:31.033","616","24095","333190","2080061","4522059","4180996","1543778","221288","10359","37","2926723","2408799","2418227","1761651","1277872","1254000","935562","485327","535834","488071","460319","450414","440104","448585","449347","422767","420715","458046","406887","427939","420951","406486","423187","437121","387809","406535","412182","398056","395286","395228","383384","378601","367246","369294","371774","376918","352069","322756","356644","295083","304732","301133","337608","306898","273530","287354","272247","277551","281983","305677","279581","236775","212535","216509","237185","138298","126925","111297","86872","106938","117505","109334","91907","67611","90623","107641","84264","106107","56612","73354","94335","47506","66641","23616","33225","28987","56555","23308","51133","6542","51561","6005","42462","39608","5813","0","45634161","990000","49500000"
"2016-04-26 05:06:31.681","616","24295","335590","2080061","4529587","4182202","1544078","223488","10359","37","2956650","2428975","2418227","1761651","1280909","1256102","943181","494613","535834","488071","479689","468527","451772","450408","456156","422767","420875","477713","410073","434250","422080","453684","436267","437121","388119","406535","429858","398056","420841","395228","383384","383762","385166","369294","371774","376918","352069","325402","356644","327595","304732","308852","337608","308728","280712","293551","272247","277551","281983","308402","279581","239004","216818","218659","237185","138298","126925","111819","89225","126382","117505","119815","113525","67611","90623","108506","84264","106107","77130","73354","94335","47506","69310","55036","37152","57133","56555","23308","59950","20487","57455","6005","54080","47365","16663","100","46205695","1000000","50500000"
