"Ti00","<Length>:","RMQ0 ","RMQ1 ","RMQ2 ","RMQ3 ","RMQ4 ","RMQ5 ","RMQ6 ","RMQ7 ","RMQ8 ","RMQ9 ","<Event>:","RMQ0 ","RMQ1 ","RMQ2 ","RMQ3 ","RMQ4 ","RMQ5 ","RMQ6 ","RMQ7 ","RMQ8 ","RMQ9 ","<CPU>:","us","sy"
"2015-09-18 05:17:24.000","","0 ","0 ","0 ","0 ","0 ","0 ","0 ","0 ","0 ","0 ","","0","0","0","0","0","0","0","0","0","0","","31","6"
"2015-09-18 05:17:24.100","","0 ","0 ","0 ","0 ","0 ","0 ","0 ","0 ","0 ","0 ","","0","0","0","0","0","0","0","0","0","0","","31","6"
"2015-09-18 05:17:24.200","","0 ","0 ","0 ","0 ","0 ","0 ","0 ","0 ","0 ","0 ","","0","0","0","0","0","0","0","0","0","0","","31","6"
"2015-09-18 05:17:24.300","","0 ","0 ","0 ","0 ","0 ","0 ","0 ","0 ","0 ","0 ","","0","0","0","0","0","0","0","0","0","0","","31","6"
"2015-09-18 05:17:24.400","","0 ","0 ","0 ","0 ","0 ","0 ","0 ","0 ","0 ","0 ","","0","0","0","0","0","0","0","0","0","0","","31","6"
"2015-09-18 05:17:24.500","","0 ","0 ","0 ","0 ","0 ","0 ","0 ","0 ","0 ","0 ","","0","0","0","0","0","0","0","0","0","0","","31","6"
"2015-09-18 05:17:24.600","","0 ","0 ","0 ","0 ","0 ","0 ","0 ","0 ","0 ","0 ","","0","0","0","0","0","0","0","0","0","0","","31","6"
"2015-09-18 05:17:24.700","","0 ","0 ","0 ","0 ","0 ","0 ","0 ","0 ","0 ","0 ","","0","0","0","0","0","0","0","0","0","0","","31","6"
"2015-09-18 05:17:24.800","","0 ","0 ","0 ","0 ","0 ","0 ","0 ","0 ","0 ","0 ","","0","0","0","0","0","0","0","0","0","0","","31","6"
"2015-09-18 05:17:24.900","","0 ","0 ","0 ","0 ","0 ","0 ","0 ","0 ","0 ","0 ","","0","0","0","0","0","0","0","0","0","0","","31","6"
"2015-09-18 05:17:25.000","","0 ","0 ","0 ","0 ","0 ","0 ","0 ","0 ","0 ","0 ","","0","0","0","0","0","0","0","0","0","0","","17","2"
"2015-09-18 05:17:25.100","","0 ","0 ","0 ","0 ","4 ","0 ","0 ","0 ","0 ","0 ","","0","0","0","0","0","0","0","0","0","0","","17","2"
"2015-09-18 05:17:25.200","","0 ","0 ","0 ","0 ","0 ","0 ","0 ","0 ","0 ","0 ","","0","0","0","0","0","0","0","0","0","0","","17","2"
"2015-09-18 05:17:25.300","","0 ","0 ","0 ","0 ","0 ","0 ","0 ","0 ","0 ","0 ","","0","0","0","0","0","0","0","0","0","0","","17","2"
"2015-09-18 05:17:25.400","","0 ","0 ","0 ","0 ","0 ","0 ","0 ","0 ","0 ","0 ","","0","0","0","0","0","0","0","0","0","0","","17","2"
"2015-09-18 05:17:25.500","","0 ","0 ","0 ","0 ","0 ","0 ","0 ","0 ","0 ","0 ","","0","0","0","0","0","0","0","0","0","0","","17","2"
"2015-09-18 05:17:25.600","","0 ","0 ","0 ","0 ","0 ","0 ","0 ","0 ","0 ","0 ","","0","0","0","0","0","0","0","0","0","0","","17","2"
"2015-09-18 05:17:25.700","","0 ","0 ","0 ","0 ","0 ","0 ","0 ","0 ","0 ","0 ","","0","0","0","0","0","0","0","0","0","0","","17","2"
"2015-09-18 05:17:25.800","","0 ","0 ","0 ","0 ","0 ","0 ","0 ","0 ","0 ","0 ","","0","0","0","0","0","0","0","0","0","0","","17","2"
"2015-09-18 05:17:25.900","","0 ","0 ","0 ","0 ","0 ","0 ","0 ","0 ","0 ","0 ","","0","0","0","0","0","0","0","0","0","0","","17","2"
"2015-09-18 05:17:26.000","","0 ","0 ","0 ","0 ","8 ","0 ","4 ","0 ","0 ","0 ","","0","0","0","0","0","0","0","0","0","0","","13","3"
"2015-09-18 05:17:26.100","","0 ","0 ","0 ","0 ","0 ","0 ","0 ","0 ","0 ","0 ","","0","0","0","0","0","0","0","0","0","0","","13","3"
"2015-09-18 05:17:26.200","","0 ","0 ","0 ","0 ","0 ","0 ","0 ","0 ","0 ","0 ","","0","0","0","0","0","0","0","0","0","0","","13","3"
"2015-09-18 05:17:26.300","","0 ","0 ","0 ","0 ","0 ","0 ","0 ","0 ","0 ","0 ","","0","0","0","0","0","0","0","0","0","0","","13","3"
"2015-09-18 05:17:26.400","","0 ","0 ","0 ","0 ","0 ","0 ","0 ","0 ","0 ","0 ","","0","0","0","0","0","0","0","0","0","0","","13","3"
"2015-09-18 05:17:26.500","","0 ","0 ","0 ","0 ","0 ","0 ","0 ","0 ","0 ","0 ","","0","0","0","0","0","0","0","0","0","0","","13","3"
"2015-09-18 05:17:26.600","","0 ","0 ","0 ","0 ","0 ","0 ","0 ","0 ","0 ","0 ","","0","0","0","0","0","0","0","0","0","0","","13","3"
"2015-09-18 05:17:26.700","","0 ","0 ","0 ","0 ","0 ","0 ","0 ","0 ","0 ","0 ","","0","0","0","0","0","0","0","0","0","0","","13","3"
"2015-09-18 05:17:26.800","","0 ","0 ","0 ","0 ","0 ","0 ","0 ","0 ","0 ","0 ","","0","0","0","0","0","0","0","0","0","0","","13","3"
"2015-09-18 05:17:26.900","","0 ","0 ","0 ","0 ","0 ","0 ","0 ","0 ","0 ","0 ","","0","0","0","0","0","0","0","0","0","0","","13","3"
"2015-09-18 05:17:27.000","","0 ","0 ","0 ","0 ","0 ","0 ","0 ","0 ","0 ","0 ","","0","0","0","0","0","0","0","0","0","0","","15","2"
"2015-09-18 05:17:27.100","","0 ","0 ","0 ","0 ","0 ","0 ","0 ","0 ","0 ","0 ","","0","0","0","0","0","0","0","0","0","0","","15","2"
"2015-09-18 05:17:27.200","","0 ","0 ","0 ","0 ","0 ","0 ","0 ","0 ","0 ","0 ","","0","0","0","0","0","0","0","0","0","0","","15","2"
"2015-09-18 05:17:27.300","","0 ","0 ","0 ","0 ","0 ","0 ","0 ","0 ","0 ","0 ","","0","0","0","0","0","0","0","0","0","0","","15","2"
"2015-09-18 05:17:27.400","","0 ","0 ","0 ","0 ","0 ","0 ","0 ","0 ","0 ","0 ","","0","0","0","0","0","0","0","0","0","0","","15","2"
"2015-09-18 05:17:27.500","","0 ","0 ","0 ","0 ","0 ","0 ","0 ","0 ","0 ","0 ","","0","0","0","0","0","0","0","0","0","0","","15","2"
"2015-09-18 05:17:27.600","","0 ","0 ","0 ","0 ","0 ","0 ","0 ","0 ","0 ","0 ","","0","0","0","0","0","0","0","0","0","0","","15","2"
"2015-09-18 05:17:27.700","","0 ","0 ","0 ","0 ","0 ","0 ","0 ","0 ","0 ","0 ","","0","0","0","0","0","0","0","0","0","0","","15","2"
"2015-09-18 05:17:27.800","","0 ","0 ","0 ","0 ","0 ","0 ","0 ","0 ","0 ","0 ","","0","0","0","0","0","0","0","0","0","0","","15","2"
"2015-09-18 05:17:27.900","","0 ","0 ","0 ","0 ","0 ","0 ","0 ","0 ","0 ","0 ","","0","0","0","0","0","0","0","0","0","0","","15","2"
"2015-09-18 05:17:28.000","","0 ","0 ","11 ","17 ","25 ","0 ","0 ","25 ","21 ","0 ","","0","0","0","0","0","0","0","0","0","0","","15","3"
"2015-09-18 05:17:28.100","","0 ","0 ","0 ","0 ","0 ","0 ","0 ","0 ","0 ","0 ","","0","0","0","0","0","0","0","0","0","0","","15","3"
"2015-09-18 05:17:28.200","","0 ","0 ","0 ","0 ","0 ","0 ","0 ","0 ","0 ","0 ","","0","0","0","0","0","0","0","0","0","0","","15","3"
"2015-09-18 05:17:28.300","","0 ","0 ","0 ","0 ","0 ","0 ","0 ","0 ","0 ","0 ","","0","0","0","0","0","0","0","0","0","0","","15","3"
"2015-09-18 05:17:28.400","","0 ","0 ","0 ","0 ","0 ","0 ","0 ","0 ","0 ","0 ","","0","0","0","0","0","0","0","0","0","0","","15","3"
"2015-09-18 05:17:28.500","","0 ","0 ","0 ","0 ","0 ","0 ","0 ","0 ","0 ","0 ","","0","0","0","0","0","0","0","0","0","0","","15","3"
"2015-09-18 05:17:28.600","","0 ","0 ","0 ","0 ","0 ","0 ","0 ","0 ","0 ","0 ","","0","0","0","0","0","0","0","0","0","0","","15","3"
"2015-09-18 05:17:28.700","","0 ","0 ","0 ","0 ","0 ","0 ","0 ","0 ","0 ","0 ","","0","0","0","0","0","0","0","0","0","0","","15","3"
"2015-09-18 05:17:28.800","","0 ","0 ","0 ","0 ","0 ","0 ","0 ","0 ","0 ","0 ","","0","0","0","0","0","0","0","0","0","0","","15","3"
"2015-09-18 05:17:28.900","","0 ","0 ","0 ","0 ","0 ","0 ","0 ","0 ","0 ","0 ","","0","0","0","0","0","0","0","0","0","0","","15","3"
"2015-09-18 05:17:29.000","","0 ","12 ","0 ","0 ","26 ","5 ","0 ","0 ","0 ","27 ","","0","0","0","0","0","0","0","0","0","0","","15","3"
"2015-09-18 05:17:29.100","","0 ","0 ","0 ","0 ","0 ","0 ","0 ","0 ","0 ","0 ","","0","0","0","0","0","0","0","0","0","0","","15","3"
"2015-09-18 05:17:29.200","","0 ","0 ","0 ","0 ","0 ","0 ","0 ","0 ","0 ","0 ","","0","0","0","0","0","0","0","0","0","0","","15","3"
"2015-09-18 05:17:29.300","","0 ","0 ","0 ","0 ","0 ","0 ","0 ","0 ","0 ","0 ","","0","0","0","0","0","0","0","0","0","0","","15","3"
"2015-09-18 05:17:29.400","","0 ","0 ","0 ","0 ","0 ","0 ","0 ","0 ","0 ","0 ","","0","0","0","0","0","0","0","0","0","0","","15","3"
"2015-09-18 05:17:29.500","","0 ","0 ","0 ","0 ","0 ","0 ","0 ","0 ","0 ","0 ","","0","0","0","0","0","0","0","0","0","0","","15","3"
"2015-09-18 05:17:29.600","","0 ","0 ","0 ","0 ","0 ","0 ","0 ","0 ","0 ","0 ","","0","0","0","0","0","0","0","0","0","0","","15","3"
"2015-09-18 05:17:29.700","","0 ","0 ","0 ","0 ","0 ","0 ","0 ","0 ","0 ","0 ","","0","0","0","0","0","0","0","0","0","0","","15","3"
"2015-09-18 05:17:29.800","","0 ","0 ","0 ","0 ","0 ","0 ","0 ","0 ","0 ","0 ","","0","0","0","0","0","0","0","0","0","0","","15","3"
"2015-09-18 05:17:29.900","","0 ","0 ","0 ","0 ","0 ","0 ","0 ","0 ","0 ","0 ","","0","0","0","0","0","0","0","0","0","0","","15","3"
"2015-09-18 05:17:30.000","","0 ","0 ","39 ","0 ","0 ","0 ","0 ","0 ","0 ","0 ","","0","0","0","0","0","0","0","0","0","0","","14","2"
"2015-09-18 05:17:30.100","","0 ","0 ","0 ","0 ","0 ","0 ","0 ","27 ","37 ","0 ","","0","0","0","0","0","0","0","0","0","0","","14","2"
"2015-09-18 05:17:30.200","","0 ","0 ","0 ","0 ","0 ","0 ","0 ","0 ","0 ","0 ","","0","0","0","0","0","0","0","0","0","0","","14","2"
"2015-09-18 05:17:30.300","","0 ","0 ","0 ","0 ","0 ","0 ","0 ","0 ","0 ","0 ","","0","0","0","0","0","0","0","0","0","0","","14","2"
"2015-09-18 05:17:30.400","","0 ","0 ","0 ","0 ","0 ","0 ","0 ","0 ","0 ","0 ","","0","0","0","0","0","0","0","0","0","0","","14","2"
"2015-09-18 05:17:30.500","","0 ","0 ","0 ","0 ","0 ","0 ","0 ","0 ","0 ","0 ","","0","0","0","0","0","0","0","0","0","0","","14","2"
"2015-09-18 05:17:30.600","","0 ","0 ","0 ","0 ","0 ","0 ","0 ","0 ","0 ","0 ","","0","0","0","0","0","0","0","0","0","0","","14","2"
"2015-09-18 05:17:30.700","","0 ","0 ","0 ","0 ","0 ","0 ","0 ","0 ","0 ","0 ","","0","0","0","0","0","0","0","0","0","0","","14","2"
"2015-09-18 05:17:30.800","","0 ","0 ","0 ","0 ","0 ","0 ","0 ","0 ","0 ","0 ","","0","0","0","0","0","0","0","0","0","0","","14","2"
"2015-09-18 05:17:30.900","","0 ","0 ","0 ","0 ","0 ","0 ","0 ","0 ","0 ","0 ","","0","0","0","0","0","0","0","0","0","0","","14","2"
"2015-09-18 05:17:31.000","","0 ","0 ","0 ","0 ","0 ","0 ","0 ","0 ","0 ","0 ","","0","0","0","0","0","0","0","0","0","0","","6","1"
"2015-09-18 05:17:31.100","","0 ","0 ","0 ","0 ","0 ","0 ","0 ","0 ","0 ","0 ","","0","0","0","0","0","0","0","0","0","0","","6","1"
"2015-09-18 05:17:31.200","","0 ","0 ","0 ","0 ","0 ","0 ","0 ","0 ","0 ","0 ","","0","0","0","0","0","0","0","0","0","0","","6","1"
"2015-09-18 05:17:31.300","","0 ","0 ","0 ","0 ","0 ","0 ","0 ","0 ","0 ","0 ","","0","0","0","0","0","0","0","0","0","0","","6","1"
"2015-09-18 05:17:31.400","","0 ","0 ","0 ","0 ","0 ","0 ","0 ","0 ","0 ","0 ","","0","0","0","0","0","0","0","0","0","0","","6","1"
"2015-09-18 05:17:31.500","","0 ","0 ","0 ","0 ","0 ","0 ","0 ","0 ","0 ","0 ","","0","0","0","0","0","0","0","0","0","0","","6","1"
"2015-09-18 05:17:31.600","","0 ","0 ","0 ","0 ","0 ","0 ","0 ","0 ","0 ","0 ","","0","0","0","0","0","0","0","0","0","0","","6","1"
"2015-09-18 05:17:31.700","","0 ","0 ","0 ","0 ","0 ","0 ","0 ","0 ","0 ","0 ","","0","0","0","0","0","0","0","0","0","0","","6","1"
"2015-09-18 05:17:31.800","","0 ","0 ","0 ","0 ","0 ","0 ","0 ","0 ","0 ","0 ","","0","0","0","0","0","0","0","0","0","0","","6","1"
"2015-09-18 05:17:31.900","","0 ","0 ","0 ","0 ","0 ","0 ","0 ","0 ","0 ","0 ","","0","0","0","0","0","0","0","0","0","0","","6","1"
"2015-09-18 05:17:32.000","","0 ","0 ","0 ","0 ","68 ","0 ","0 ","0 ","38 ","0 ","","0","0","0","0","0","0","0","0","0","0","","13","2"
"2015-09-18 05:17:32.100","","0 ","0 ","0 ","0 ","0 ","0 ","0 ","0 ","0 ","0 ","","0","0","0","0","0","0","0","0","0","0","","13","2"
"2015-09-18 05:17:32.200","","0 ","0 ","0 ","0 ","0 ","0 ","0 ","0 ","0 ","0 ","","0","0","0","0","0","0","0","0","0","0","","13","2"
"2015-09-18 05:17:32.300","","0 ","0 ","0 ","0 ","0 ","0 ","0 ","0 ","0 ","0 ","","0","0","0","0","0","0","0","0","0","0","","13","2"
"2015-09-18 05:17:32.400","","0 ","0 ","0 ","0 ","0 ","0 ","0 ","0 ","0 ","0 ","","0","0","0","0","0","0","0","0","0","0","","13","2"
"2015-09-18 05:17:32.500","","0 ","0 ","0 ","0 ","0 ","0 ","0 ","0 ","0 ","0 ","","0","0","0","0","0","0","0","0","0","0","","13","2"
"2015-09-18 05:17:32.600","","0 ","0 ","0 ","0 ","0 ","0 ","0 ","0 ","0 ","0 ","","0","0","0","0","0","0","0","0","0","0","","13","2"
"2015-09-18 05:17:32.700","","0 ","0 ","0 ","0 ","0 ","0 ","0 ","0 ","0 ","0 ","","0","0","0","0","0","0","0","0","0","0","","13","2"
"2015-09-18 05:17:32.800","","0 ","0 ","0 ","0 ","0 ","0 ","0 ","0 ","0 ","0 ","","0","0","0","0","0","0","0","0","0","0","","13","2"
"2015-09-18 05:17:32.900","","0 ","0 ","0 ","0 ","0 ","0 ","0 ","0 ","0 ","0 ","","0","0","0","0","0","0","0","0","0","0","","13","2"
"2015-09-18 05:17:33.000","","0 ","0 ","0 ","0 ","0 ","0 ","0 ","0 ","0 ","0 ","","0","0","0","0","0","0","0","0","0","0","","4","2"
"2015-09-18 05:17:33.100","","0 ","0 ","0 ","0 ","0 ","0 ","0 ","0 ","0 ","0 ","","0","0","0","0","0","0","0","0","0","0","","4","2"
"2015-09-18 05:17:33.200","","0 ","0 ","0 ","0 ","0 ","0 ","0 ","0 ","0 ","0 ","","0","0","0","0","0","0","0","0","0","0","","4","2"
"2015-09-18 05:17:33.300","","0 ","0 ","0 ","0 ","0 ","0 ","0 ","0 ","0 ","0 ","","0","0","0","0","0","0","0","0","0","0","","4","2"
"2015-09-18 05:17:33.400","","0 ","0 ","0 ","0 ","0 ","0 ","0 ","0 ","0 ","0 ","","0","0","0","0","0","0","0","0","0","0","","4","2"
"2015-09-18 05:17:33.500","","0 ","0 ","0 ","0 ","0 ","0 ","0 ","0 ","0 ","0 ","","0","0","0","0","0","0","0","0","0","0","","4","2"
"2015-09-18 05:17:33.600","","0 ","0 ","0 ","0 ","0 ","0 ","0 ","0 ","0 ","0 ","","0","0","0","0","0","0","0","0","0","0","","4","2"
"2015-09-18 05:17:33.700","","0 ","0 ","0 ","0 ","0 ","0 ","0 ","0 ","0 ","0 ","","0","0","0","0","0","0","0","0","0","0","","4","2"
"2015-09-18 05:17:33.800","","0 ","0 ","0 ","0 ","0 ","0 ","0 ","0 ","0 ","0 ","","0","0","0","0","0","0","0","0","0","0","","4","2"
"2015-09-18 05:17:33.900","","0 ","0 ","0 ","0 ","0 ","0 ","0 ","0 ","0 ","0 ","","0","0","0","0","0","0","0","0","0","0","","4","2"
"2015-09-18 05:17:34.000","","0 ","0 ","87 ","0 ","11 ","0 ","0 ","0 ","53 ","0 ","","0","0","0","0","0","0","0","0","0","0","","4","1"
"2015-09-18 05:17:34.100","","0 ","0 ","0 ","0 ","0 ","0 ","0 ","0 ","0 ","0 ","","0","0","0","0","0","0","0","0","0","0","","4","1"
"2015-09-18 05:17:34.200","","0 ","0 ","0 ","0 ","0 ","0 ","0 ","0 ","0 ","0 ","","0","0","0","0","0","0","0","0","0","0","","4","1"
"2015-09-18 05:17:34.300","","0 ","0 ","0 ","0 ","0 ","0 ","0 ","0 ","0 ","0 ","","0","0","0","0","0","0","0","0","0","0","","4","1"
"2015-09-18 05:17:34.400","","0 ","0 ","0 ","0 ","0 ","0 ","0 ","0 ","0 ","0 ","","0","0","0","0","0","0","0","0","0","0","","4","1"
"2015-09-18 05:17:34.500","","0 ","0 ","0 ","0 ","0 ","0 ","0 ","0 ","0 ","0 ","","0","0","0","0","0","0","0","0","0","0","","4","1"
"2015-09-18 05:17:34.600","","0 ","0 ","0 ","0 ","0 ","0 ","0 ","0 ","0 ","0 ","","0","0","0","0","0","0","0","0","0","0","","4","1"
"2015-09-18 05:17:34.700","","0 ","0 ","0 ","0 ","0 ","0 ","0 ","0 ","0 ","0 ","","0","0","0","0","0","0","0","0","0","0","","4","1"
"2015-09-18 05:17:34.800","","0 ","0 ","0 ","0 ","0 ","0 ","0 ","0 ","0 ","0 ","","0","0","0","0","0","0","0","0","0","0","","4","1"
"2015-09-18 05:17:34.900","","0 ","0 ","0 ","0 ","0 ","0 ","0 ","0 ","0 ","0 ","","0","0","0","0","0","0","0","0","0","0","","4","1"
"2015-09-18 05:17:35.000","","0 ","0 ","0 ","0 ","0 ","0 ","0 ","0 ","5 ","0 ","","0","0","0","0","0","0","0","0","0","0","","9","3"
"2015-09-18 05:17:35.100","","0 ","0 ","0 ","0 ","0 ","0 ","0 ","0 ","0 ","0 ","","0","0","0","0","0","0","0","0","0","0","","9","3"
"2015-09-18 05:17:35.200","","0 ","0 ","0 ","0 ","0 ","0 ","0 ","0 ","0 ","0 ","","0","0","0","0","0","0","0","0","0","0","","9","3"
"2015-09-18 05:17:35.300","","0 ","0 ","0 ","0 ","0 ","0 ","0 ","0 ","0 ","0 ","","0","0","0","0","0","0","0","0","0","0","","9","3"
"2015-09-18 05:17:35.400","","0 ","0 ","0 ","0 ","0 ","0 ","0 ","0 ","0 ","0 ","","0","0","0","0","0","0","0","0","0","0","","9","3"
"2015-09-18 05:17:35.500","","0 ","0 ","0 ","0 ","0 ","0 ","0 ","0 ","0 ","0 ","","0","0","0","0","0","0","0","0","0","0","","9","3"
"2015-09-18 05:17:35.600","","0 ","0 ","0 ","0 ","0 ","0 ","0 ","0 ","0 ","0 ","","0","0","0","0","0","0","0","0","0","0","","9","3"
"2015-09-18 05:17:35.700","","0 ","0 ","0 ","0 ","0 ","0 ","0 ","0 ","0 ","0 ","","0","0","0","0","0","0","0","0","0","0","","9","3"
"2015-09-18 05:17:35.800","","0 ","0 ","0 ","0 ","0 ","0 ","0 ","0 ","0 ","0 ","","0","0","0","0","0","0","0","0","0","0","","9","3"
"2015-09-18 05:17:35.900","","0 ","0 ","0 ","0 ","0 ","0 ","0 ","0 ","0 ","0 ","","0","0","0","0","0","0","0","0","0","0","","9","3"
"2015-09-18 05:17:36.000","","0 ","0 ","0 ","0 ","0 ","0 ","35 ","65 ","0 ","0 ","","0","0","0","0","0","0","0","0","0","0","","5","1"
"2015-09-18 05:17:36.100","","0 ","0 ","0 ","0 ","0 ","0 ","0 ","0 ","0 ","0 ","","0","0","0","0","0","0","0","0","0","0","","5","1"
"2015-09-18 05:17:36.200","","0 ","0 ","0 ","0 ","0 ","0 ","0 ","0 ","0 ","0 ","","0","0","0","0","0","0","0","0","0","0","","5","1"
"2015-09-18 05:17:36.300","","0 ","0 ","0 ","0 ","0 ","0 ","0 ","0 ","0 ","0 ","","0","0","0","0","0","0","0","0","0","0","","5","1"
"2015-09-18 05:17:36.400","","0 ","0 ","0 ","0 ","0 ","0 ","0 ","0 ","0 ","0 ","","0","0","0","0","0","0","0","0","0","0","","5","1"
"2015-09-18 05:17:36.500","","0 ","0 ","0 ","0 ","0 ","0 ","0 ","0 ","0 ","0 ","","0","0","0","0","0","0","0","0","0","0","","5","1"
"2015-09-18 05:17:36.600","","0 ","0 ","0 ","0 ","0 ","0 ","0 ","0 ","0 ","0 ","","0","0","0","0","0","0","0","0","0","0","","5","1"
"2015-09-18 05:17:36.700","","0 ","0 ","0 ","0 ","0 ","0 ","0 ","0 ","0 ","0 ","","0","0","0","0","0","0","0","0","0","0","","5","1"
"2015-09-18 05:17:36.800","","0 ","0 ","0 ","0 ","0 ","0 ","0 ","0 ","0 ","0 ","","0","0","0","0","0","0","0","0","0","0","","5","1"
"2015-09-18 05:17:36.900","","0 ","0 ","0 ","0 ","0 ","0 ","0 ","0 ","0 ","0 ","","0","0","0","0","0","0","0","0","0","0","","5","1"
"2015-09-18 05:17:37.000","","0 ","0 ","0 ","0 ","0 ","93 ","94 ","94 ","0 ","94 ","","0","0","0","0","0","0","0","0","0","0","","6","2"
"2015-09-18 05:17:37.100","","0 ","0 ","0 ","0 ","0 ","0 ","0 ","0 ","0 ","0 ","","0","0","0","0","0","0","0","0","0","0","","6","2"
"2015-09-18 05:17:37.200","","0 ","0 ","0 ","0 ","0 ","0 ","0 ","0 ","0 ","0 ","","0","0","0","0","0","0","0","0","0","0","","6","2"
"2015-09-18 05:17:37.300","","0 ","0 ","0 ","0 ","0 ","0 ","0 ","0 ","0 ","0 ","","0","0","0","0","0","0","0","0","0","0","","6","2"
"2015-09-18 05:17:37.400","","0 ","0 ","0 ","0 ","0 ","0 ","0 ","0 ","0 ","0 ","","0","0","0","0","0","0","0","0","0","0","","6","2"
"2015-09-18 05:17:37.500","","0 ","0 ","0 ","0 ","0 ","0 ","0 ","0 ","0 ","0 ","","0","0","0","0","0","0","0","0","0","0","","6","2"
"2015-09-18 05:17:37.600","","0 ","0 ","0 ","0 ","0 ","0 ","0 ","0 ","0 ","0 ","","0","0","0","0","0","0","0","0","0","0","","6","2"
"2015-09-18 05:17:37.700","","0 ","0 ","0 ","0 ","0 ","0 ","0 ","0 ","0 ","0 ","","0","0","0","0","0","0","0","0","0","0","","6","2"
"2015-09-18 05:17:37.800","","0 ","0 ","0 ","0 ","0 ","0 ","0 ","0 ","0 ","0 ","","0","0","0","0","0","0","0","0","0","0","","6","2"
"2015-09-18 05:17:37.900","","0 ","0 ","0 ","0 ","0 ","0 ","0 ","0 ","0 ","0 ","","0","0","0","0","0","0","0","0","0","0","","6","2"
"2015-09-18 05:17:38.000","","0 ","0 ","0 ","0 ","101 ","0 ","0 ","0 ","0 ","0 ","","0","0","0","0","0","0","0","0","0","0","","9","1"
"2015-09-18 05:17:38.100","","0 ","0 ","0 ","0 ","0 ","0 ","0 ","0 ","0 ","0 ","","0","1","0","0","0","0","0","0","0","0","","9","1"
"2015-09-18 05:17:38.200","","0 ","0 ","0 ","0 ","0 ","0 ","0 ","0 ","0 ","0 ","","0","1","0","0","0","0","0","0","0","0","","9","1"
"2015-09-18 05:17:38.300","","0 ","0 ","0 ","0 ","0 ","0 ","0 ","0 ","0 ","0 ","","0","1","0","0","0","0","0","0","0","0","","9","1"
"2015-09-18 05:17:38.400","","0 ","0 ","0 ","0 ","0 ","0 ","0 ","0 ","0 ","0 ","","0","1","0","0","0","0","0","0","0","0","","9","1"
"2015-09-18 05:17:38.500","","0 ","0 ","0 ","0 ","0 ","0 ","0 ","0 ","0 ","0 ","","0","1","0","0","0","0","0","0","0","0","","9","1"
"2015-09-18 05:17:38.600","","0 ","0 ","0 ","0 ","0 ","0 ","0 ","0 ","0 ","0 ","","0","1","0","0","0","0","0","0","0","0","","9","1"
"2015-09-18 05:17:38.700","","0 ","0 ","0 ","0 ","0 ","0 ","0 ","0 ","0 ","0 ","","0","1","0","0","0","0","0","0","0","0","","9","1"
"2015-09-18 05:17:38.800","","0 ","0 ","0 ","0 ","0 ","0 ","0 ","0 ","0 ","0 ","","0","1","0","0","0","0","0","0","0","0","","9","1"
"2015-09-18 05:17:38.900","","0 ","0 ","0 ","0 ","0 ","0 ","0 ","0 ","0 ","0 ","","0","1","0","0","0","0","0","0","0","0","","9","1"
"2015-09-18 05:17:39.000","","0 ","0 ","0 ","0 ","0 ","61 ","0 ","0 ","0 ","0 ","","0","1","0","0","0","0","0","0","0","0","","8","3"
"2015-09-18 05:17:39.100","","0 ","0 ","0 ","0 ","0 ","0 ","0 ","0 ","0 ","0 ","","0","1","0","0","0","0","0","0","0","0","","8","3"
"2015-09-18 05:17:39.200","","0 ","0 ","0 ","0 ","0 ","0 ","0 ","0 ","0 ","0 ","","0","1","0","0","0","0","0","0","0","0","","8","3"
"2015-09-18 05:17:39.300","","0 ","0 ","0 ","0 ","0 ","0 ","0 ","0 ","0 ","0 ","","0","1","0","0","0","0","0","0","0","0","","8","3"
"2015-09-18 05:17:39.400","","0 ","0 ","0 ","0 ","0 ","0 ","0 ","0 ","0 ","0 ","","0","1","0","0","0","0","0","0","0","0","","8","3"
"2015-09-18 05:17:39.500","","0 ","0 ","0 ","0 ","0 ","0 ","0 ","0 ","0 ","0 ","","0","1","0","0","0","0","0","0","0","0","","8","3"
"2015-09-18 05:17:39.600","","0 ","0 ","0 ","0 ","0 ","0 ","0 ","0 ","0 ","0 ","","0","1","0","0","0","0","0","0","0","0","","8","3"
"2015-09-18 05:17:39.700","","0 ","0 ","0 ","0 ","0 ","0 ","0 ","0 ","0 ","0 ","","0","1","0","0","0","0","0","0","0","0","","8","3"
"2015-09-18 05:17:39.800","","0 ","0 ","0 ","0 ","0 ","0 ","0 ","0 ","0 ","0 ","","0","1","0","0","0","0","0","0","0","0","","8","3"
"2015-09-18 05:17:39.900","","0 ","0 ","0 ","0 ","0 ","0 ","0 ","0 ","0 ","0 ","","0","1","0","0","0","0","0","0","0","0","","8","3"
"2015-09-18 05:17:40.000","","0 ","0 ","0 ","0 ","0 ","0 ","0 ","57 ","56 ","101 ","","0","1","0","0","0","0","0","0","0","0","","9","3"
"2015-09-18 05:17:40.100","","0 ","0 ","0 ","0 ","0 ","0 ","0 ","0 ","0 ","0 ","","0","0","0","0","0","0","0","0","1","1","","9","3"
"2015-09-18 05:17:40.200","","0 ","0 ","0 ","0 ","0 ","0 ","0 ","0 ","0 ","0 ","","0","0","0","0","0","0","0","0","1","1","","9","3"
"2015-09-18 05:17:40.300","","0 ","0 ","0 ","0 ","0 ","0 ","0 ","0 ","0 ","0 ","","0","0","0","0","0","0","0","0","1","1","","9","3"
"2015-09-18 05:17:40.400","","0 ","0 ","0 ","0 ","0 ","0 ","0 ","0 ","0 ","0 ","","0","0","0","0","0","0","0","0","1","1","","9","3"
"2015-09-18 05:17:40.500","","0 ","0 ","0 ","0 ","0 ","0 ","0 ","0 ","0 ","0 ","","0","0","0","0","0","0","0","0","1","1","","9","3"
"2015-09-18 05:17:40.600","","0 ","0 ","0 ","0 ","0 ","0 ","0 ","0 ","0 ","0 ","","0","0","0","0","0","0","0","0","1","1","","9","3"
"2015-09-18 05:17:40.700","","0 ","0 ","0 ","0 ","0 ","0 ","0 ","0 ","0 ","0 ","","0","0","0","0","0","0","0","0","1","1","","9","3"
"2015-09-18 05:17:40.800","","0 ","0 ","0 ","0 ","0 ","0 ","0 ","0 ","0 ","0 ","","0","0","0","0","0","0","0","0","1","1","","9","3"
"2015-09-18 05:17:40.900","","0 ","0 ","0 ","0 ","0 ","0 ","0 ","0 ","0 ","0 ","","0","0","0","0","0","0","0","0","1","1","","9","3"
"2015-09-18 05:17:41.000","","0 ","9 ","0 ","9 ","0 ","0 ","0 ","0 ","0 ","9 ","","0","0","0","0","0","0","0","0","1","1","","13","4"
"2015-09-18 05:17:41.100","","37 ","14 ","38 ","13 ","83 ","0 ","81 ","75 ","80 ","0 ","","0","0","0","0","0","0","0","0","1","1","","13","4"
"2015-09-18 05:17:41.200","","0 ","0 ","0 ","0 ","0 ","0 ","0 ","0 ","0 ","0 ","","0","0","0","0","0","0","0","0","1","1","","13","4"
"2015-09-18 05:17:41.300","","0 ","0 ","0 ","0 ","0 ","0 ","0 ","0 ","0 ","0 ","","0","0","0","0","0","0","0","0","1","1","","13","4"
"2015-09-18 05:17:41.400","","0 ","0 ","0 ","0 ","0 ","0 ","0 ","0 ","0 ","0 ","","0","0","0","0","0","0","0","0","1","1","","13","4"
"2015-09-18 05:17:41.500","","0 ","0 ","0 ","0 ","0 ","0 ","0 ","0 ","0 ","0 ","","0","0","0","0","0","0","0","0","1","1","","13","4"
"2015-09-18 05:17:41.600","","0 ","0 ","0 ","0 ","0 ","0 ","0 ","0 ","0 ","0 ","","0","0","0","0","0","0","0","0","1","1","","13","4"
"2015-09-18 05:17:41.700","","0 ","0 ","0 ","0 ","0 ","0 ","0 ","0 ","0 ","0 ","","0","0","0","0","0","0","0","0","1","1","","13","4"
"2015-09-18 05:17:41.800","","0 ","0 ","0 ","0 ","0 ","0 ","0 ","0 ","0 ","0 ","","0","0","0","0","0","0","0","0","1","1","","13","4"
"2015-09-18 05:17:41.900","","0 ","0 ","0 ","0 ","0 ","0 ","0 ","0 ","0 ","0 ","","0","0","0","0","0","0","0","0","1","1","","13","4"
"2015-09-18 05:17:42.000","","0 ","0 ","0 ","0 ","0 ","0 ","0 ","0 ","0 ","0 ","","0","0","0","0","0","0","0","0","1","1","","18","4"
"2015-09-18 05:17:42.100","","57 ","77 ","57 ","83 ","82 ","83 ","57 ","78 ","57 ","78 ","","0","0","0","0","0","0","0","0","1","1","","18","4"
"2015-09-18 05:17:42.200","","0 ","0 ","0 ","0 ","0 ","0 ","0 ","0 ","0 ","0 ","","0","0","0","0","0","0","0","0","1","1","","18","4"
"2015-09-18 05:17:42.300","","0 ","0 ","0 ","0 ","0 ","0 ","0 ","0 ","0 ","0 ","","0","0","0","0","0","0","0","0","1","1","","18","4"
"2015-09-18 05:17:42.400","","0 ","0 ","0 ","0 ","0 ","0 ","0 ","0 ","0 ","0 ","","0","0","0","0","0","0","0","0","1","1","","18","4"
"2015-09-18 05:17:42.500","","0 ","0 ","0 ","0 ","0 ","0 ","0 ","0 ","0 ","0 ","","0","0","0","0","0","0","0","0","1","1","","18","4"
"2015-09-18 05:17:42.600","","0 ","0 ","0 ","0 ","0 ","0 ","0 ","0 ","0 ","0 ","","0","0","0","0","0","0","0","0","1","1","","18","4"
"2015-09-18 05:17:42.700","","0 ","0 ","0 ","0 ","0 ","0 ","0 ","0 ","0 ","0 ","","0","0","0","0","0","0","0","0","1","1","","18","4"
"2015-09-18 05:17:42.800","","0 ","0 ","0 ","0 ","0 ","0 ","0 ","0 ","0 ","0 ","","0","0","0","0","0","0","0","0","1","1","","18","4"
"2015-09-18 05:17:42.900","","0 ","0 ","0 ","0 ","0 ","0 ","0 ","0 ","0 ","0 ","","0","0","0","0","0","0","0","0","1","1","","18","4"
"2015-09-18 05:17:43.000","","9 ","36 ","9 ","101 ","101 ","84 ","44 ","9 ","0 ","0 ","","0","0","0","0","0","0","0","0","1","1","","40","3"
"2015-09-18 05:17:43.100","","14 ","53 ","14 ","43 ","88 ","101 ","31 ","14 ","59 ","55 ","","0","0","0","1","1","0","0","0","0","0","","40","3"
"2015-09-18 05:17:43.200","","0 ","0 ","0 ","0 ","0 ","0 ","0 ","0 ","0 ","0 ","","0","0","0","0","0","9","0","0","0","0","","40","3"
"2015-09-18 05:17:43.300","","0 ","0 ","0 ","0 ","0 ","0 ","0 ","0 ","0 ","0 ","","0","0","0","0","0","9","0","0","0","0","","40","3"
"2015-09-18 05:17:43.400","","0 ","0 ","0 ","0 ","0 ","0 ","0 ","0 ","0 ","0 ","","0","0","0","0","0","9","0","0","0","0","","40","3"
"2015-09-18 05:17:43.500","","0 ","0 ","0 ","0 ","0 ","0 ","0 ","0 ","0 ","0 ","","0","0","0","0","0","9","0","0","0","0","","40","3"
"2015-09-18 05:17:43.600","","0 ","0 ","0 ","0 ","0 ","0 ","0 ","0 ","0 ","0 ","","0","0","0","0","0","9","0","0","0","0","","40","3"
"2015-09-18 05:17:43.700","","0 ","0 ","0 ","0 ","0 ","0 ","0 ","0 ","0 ","0 ","","0","0","0","0","0","9","0","0","0","0","","40","3"
"2015-09-18 05:17:43.800","","0 ","0 ","0 ","0 ","0 ","0 ","0 ","0 ","0 ","0 ","","0","0","0","0","0","9","0","0","0","0","","40","3"
"2015-09-18 05:17:43.900","","0 ","0 ","0 ","0 ","0 ","0 ","0 ","0 ","0 ","0 ","","0","0","0","0","0","9","0","0","0","0","","40","3"
"2015-09-18 05:17:44.000","","0 ","0 ","0 ","12 ","4 ","0 ","0 ","0 ","12 ","11 ","","0","0","0","0","0","9","0","0","0","0","","56","4"
"2015-09-18 05:17:44.100","","50 ","61 ","56 ","51 ","51 ","51 ","51 ","51 ","50 ","50 ","","0","0","0","0","0","0","0","0","1","0","","56","4"
"2015-09-18 05:17:44.200","","0 ","0 ","0 ","0 ","0 ","0 ","0 ","0 ","0 ","0 ","","0","0","0","0","0","0","0","0","1","0","","56","4"
"2015-09-18 05:17:44.300","","0 ","0 ","0 ","0 ","0 ","0 ","0 ","0 ","0 ","0 ","","0","0","0","0","0","0","0","0","1","0","","56","4"
"2015-09-18 05:17:44.400","","0 ","0 ","0 ","0 ","0 ","0 ","0 ","0 ","0 ","0 ","","0","0","0","0","0","0","0","0","1","0","","56","4"
"2015-09-18 05:17:44.500","","0 ","0 ","0 ","0 ","0 ","0 ","0 ","0 ","0 ","0 ","","0","0","0","0","0","0","0","0","1","0","","56","4"
"2015-09-18 05:17:44.600","","0 ","0 ","0 ","0 ","0 ","0 ","0 ","0 ","0 ","0 ","","0","0","0","0","0","0","0","0","1","0","","56","4"
"2015-09-18 05:17:44.700","","0 ","0 ","0 ","0 ","0 ","0 ","0 ","0 ","0 ","0 ","","0","0","0","0","0","0","0","0","1","0","","56","4"
"2015-09-18 05:17:44.800","","0 ","0 ","0 ","0 ","0 ","0 ","0 ","0 ","0 ","0 ","","0","0","0","0","0","0","0","0","1","0","","56","4"
"2015-09-18 05:17:44.900","","0 ","0 ","0 ","0 ","0 ","0 ","0 ","0 ","0 ","0 ","","0","0","0","0","0","0","0","0","1","0","","56","4"
"2015-09-18 05:17:45.000","","101 ","0 ","101 ","101 ","0 ","0 ","101 ","101 ","35 ","19 ","","0","0","0","0","0","0","0","0","1","0","","20","3"
"2015-09-18 05:17:45.100","","67 ","59 ","70 ","24 ","62 ","30 ","73 ","0 ","76 ","6 ","","1","0","0","0","0","0","0","0","0","0","","20","3"
"2015-09-18 05:17:45.200","","0 ","0 ","0 ","0 ","0 ","0 ","0 ","0 ","0 ","0 ","","1","0","0","0","0","0","0","0","0","0","","20","3"
"2015-09-18 05:17:45.300","","0 ","0 ","0 ","0 ","0 ","0 ","0 ","0 ","0 ","0 ","","1","0","0","0","0","0","0","0","0","0","","20","3"
"2015-09-18 05:17:45.400","","0 ","0 ","0 ","0 ","0 ","0 ","0 ","0 ","0 ","0 ","","1","0","0","0","0","0","0","0","0","0","","20","3"
"2015-09-18 05:17:45.500","","0 ","0 ","0 ","0 ","0 ","0 ","0 ","0 ","0 ","0 ","","1","0","0","0","0","0","0","0","0","0","","20","3"
"2015-09-18 05:17:45.600","","0 ","0 ","0 ","0 ","0 ","0 ","0 ","0 ","0 ","0 ","","1","0","0","0","0","0","0","0","0","0","","20","3"
"2015-09-18 05:17:45.700","","0 ","0 ","0 ","0 ","0 ","0 ","0 ","0 ","0 ","0 ","","1","0","0","0","0","0","0","0","0","0","","20","3"
"2015-09-18 05:17:45.800","","0 ","0 ","0 ","0 ","0 ","0 ","0 ","0 ","0 ","0 ","","1","0","0","0","0","0","0","0","0","0","","20","3"
"2015-09-18 05:17:45.900","","0 ","0 ","0 ","0 ","0 ","0 ","0 ","0 ","0 ","0 ","","1","0","0","0","0","0","0","0","0","0","","20","3"
"2015-09-18 05:17:46.000","","101 ","97 ","52 ","101 ","67 ","101 ","98 ","101 ","0 ","5 ","","1","0","0","0","0","0","0","0","0","0","","17","3"
"2015-09-18 05:17:46.100","","82 ","87 ","59 ","88 ","25 ","85 ","12 ","85 ","83 ","84 ","","1","0","0","1","9","0","0","0","0","0","","17","3"
"2015-09-18 05:17:46.200","","0 ","0 ","0 ","0 ","0 ","0 ","0 ","0 ","0 ","0 ","","0","0","0","0","6","0","0","0","0","0","","17","3"
"2015-09-18 05:17:46.300","","0 ","0 ","0 ","0 ","0 ","0 ","0 ","0 ","0 ","0 ","","0","0","0","0","6","0","0","0","0","0","","17","3"
"2015-09-18 05:17:46.400","","0 ","0 ","0 ","0 ","0 ","0 ","0 ","0 ","0 ","0 ","","0","0","0","0","6","0","0","0","0","0","","17","3"
"2015-09-18 05:17:46.500","","0 ","0 ","0 ","0 ","0 ","0 ","0 ","0 ","0 ","0 ","","0","0","0","0","6","0","0","0","0","0","","17","3"
"2015-09-18 05:17:46.600","","0 ","0 ","0 ","0 ","0 ","0 ","0 ","0 ","0 ","0 ","","0","0","0","0","6","0","0","0","0","0","","17","3"
"2015-09-18 05:17:46.700","","0 ","0 ","0 ","0 ","0 ","0 ","0 ","0 ","0 ","0 ","","0","0","0","0","6","0","0","0","0","0","","17","3"
"2015-09-18 05:17:46.800","","0 ","0 ","0 ","0 ","0 ","0 ","0 ","0 ","0 ","0 ","","0","0","0","0","6","0","0","0","0","0","","17","3"
"2015-09-18 05:17:46.900","","0 ","0 ","0 ","0 ","0 ","0 ","0 ","0 ","0 ","0 ","","0","0","0","0","6","0","0","0","0","0","","17","3"
"2015-09-18 05:17:47.000","","0 ","0 ","57 ","101 ","101 ","0 ","101 ","1 ","101 ","0 ","","0","0","0","0","6","0","0","0","0","0","","17","3"
"2015-09-18 05:17:47.100","","48 ","72 ","0 ","0 ","68 ","47 ","0 ","0 ","58 ","48 ","","0","0","0","0","1","0","1","0","0","0","","17","3"
"2015-09-18 05:17:47.200","","0 ","0 ","0 ","0 ","0 ","0 ","0 ","0 ","0 ","0 ","","0","0","0","0","1","0","1","0","0","0","","17","3"
"2015-09-18 05:17:47.300","","0 ","0 ","0 ","0 ","0 ","0 ","0 ","0 ","0 ","0 ","","0","0","0","0","1","0","1","0","0","0","","17","3"
"2015-09-18 05:17:47.400","","0 ","0 ","0 ","0 ","0 ","0 ","0 ","0 ","0 ","0 ","","0","0","0","0","1","0","1","0","0","0","","17","3"
"2015-09-18 05:17:47.500","","0 ","0 ","0 ","0 ","0 ","0 ","0 ","0 ","0 ","0 ","","0","0","0","0","1","0","1","0","0","0","","17","3"
"2015-09-18 05:17:47.600","","0 ","0 ","0 ","0 ","0 ","0 ","0 ","0 ","0 ","0 ","","0","0","0","0","1","0","1","0","0","0","","17","3"
"2015-09-18 05:17:47.700","","0 ","0 ","0 ","0 ","0 ","0 ","0 ","0 ","0 ","0 ","","0","0","0","0","1","0","1","0","0","0","","17","3"
"2015-09-18 05:17:47.800","","0 ","0 ","0 ","0 ","0 ","0 ","0 ","0 ","0 ","0 ","","0","0","0","0","1","0","1","0","0","0","","17","3"
"2015-09-18 05:17:47.900","","0 ","0 ","0 ","0 ","0 ","0 ","0 ","0 ","0 ","0 ","","0","0","0","0","1","0","1","0","0","0","","17","3"
"2015-09-18 05:17:48.000","","71 ","0 ","85 ","71 ","0 ","0 ","71 ","71 ","71 ","0 ","","0","0","0","0","1","0","1","0","0","0","","14","3"
"2015-09-18 05:17:48.100","","22 ","22 ","21 ","5 ","5 ","38 ","21 ","26 ","20 ","21 ","","0","1","0","0","1","0","0","0","0","0","","14","3"
"2015-09-18 05:17:48.200","","0 ","0 ","0 ","0 ","0 ","0 ","0 ","0 ","0 ","0 ","","0","1","0","0","1","0","0","0","0","0","","14","3"
"2015-09-18 05:17:48.300","","0 ","0 ","0 ","0 ","0 ","0 ","0 ","0 ","0 ","0 ","","0","1","0","0","1","0","0","0","0","0","","14","3"
"2015-09-18 05:17:48.400","","0 ","0 ","0 ","0 ","0 ","0 ","0 ","0 ","0 ","0 ","","0","1","0","0","1","0","0","0","0","0","","14","3"
"2015-09-18 05:17:48.500","","0 ","0 ","0 ","0 ","0 ","0 ","0 ","0 ","0 ","0 ","","0","1","0","0","1","0","0","0","0","0","","14","3"
"2015-09-18 05:17:48.600","","0 ","0 ","0 ","0 ","0 ","0 ","0 ","0 ","0 ","0 ","","0","1","0","0","1","0","0","0","0","0","","14","3"
"2015-09-18 05:17:48.700","","0 ","0 ","0 ","0 ","0 ","0 ","0 ","0 ","0 ","0 ","","0","1","0","0","1","0","0","0","0","0","","14","3"
"2015-09-18 05:17:48.800","","0 ","0 ","0 ","0 ","0 ","0 ","0 ","0 ","0 ","0 ","","0","1","0","0","1","0","0","0","0","0","","14","3"
"2015-09-18 05:17:48.900","","0 ","0 ","0 ","0 ","0 ","0 ","0 ","0 ","0 ","0 ","","0","1","0","0","1","0","0","0","0","0","","14","3"
"2015-09-18 05:17:49.000","","101 ","101 ","96 ","101 ","101 ","0 ","0 ","101 ","101 ","101 ","","0","1","0","0","1","0","0","0","0","0","","19","4"
"2015-09-18 05:17:49.100","","1 ","46 ","17 ","56 ","12 ","101 ","77 ","0 ","0 ","6 ","","0","1","1","1","0","10","1","0","0","0","","19","4"
"2015-09-18 05:17:49.200","","0 ","0 ","0 ","0 ","0 ","0 ","0 ","0 ","0 ","0 ","","0","0","0","0","0","13","1","0","0","0","","19","4"
"2015-09-18 05:17:49.300","","0 ","0 ","0 ","0 ","0 ","0 ","0 ","0 ","0 ","0 ","","0","0","0","0","0","13","1","0","0","0","","19","4"
"2015-09-18 05:17:49.400","","0 ","0 ","0 ","0 ","0 ","0 ","0 ","0 ","0 ","0 ","","0","0","0","0","0","13","1","0","0","0","","19","4"
"2015-09-18 05:17:49.500","","0 ","0 ","0 ","0 ","0 ","0 ","0 ","0 ","0 ","0 ","","0","0","0","0","0","13","1","0","0","0","","19","4"
"2015-09-18 05:17:49.600","","0 ","0 ","0 ","0 ","0 ","0 ","0 ","0 ","0 ","0 ","","0","0","0","0","0","13","1","0","0","0","","19","4"
"2015-09-18 05:17:49.700","","0 ","0 ","0 ","0 ","0 ","0 ","0 ","0 ","0 ","0 ","","0","0","0","0","0","13","1","0","0","0","","19","4"
"2015-09-18 05:17:49.800","","0 ","0 ","0 ","0 ","0 ","0 ","0 ","0 ","0 ","0 ","","0","0","0","0","0","13","1","0","0","0","","19","4"
"2015-09-18 05:17:49.900","","0 ","0 ","0 ","0 ","0 ","0 ","0 ","0 ","0 ","0 ","","0","0","0","0","0","13","1","0","0","0","","19","4"
"2015-09-18 05:17:50.000","","0 ","0 ","0 ","0 ","0 ","0 ","0 ","0 ","0 ","0 ","","0","0","0","0","0","13","1","0","0","0","","14","3"
"2015-09-18 05:17:50.100","","69 ","42 ","60 ","0 ","42 ","42 ","42 ","10 ","27 ","42 ","","0","0","0","0","0","0","1","0","0","0","","14","3"
"2015-09-18 05:17:50.200","","0 ","0 ","0 ","0 ","0 ","0 ","0 ","0 ","0 ","0 ","","0","0","0","0","0","0","1","0","0","0","","14","3"
"2015-09-18 05:17:50.300","","0 ","0 ","0 ","0 ","0 ","0 ","0 ","0 ","0 ","0 ","","0","0","0","0","0","0","1","0","0","0","","14","3"
"2015-09-18 05:17:50.400","","0 ","0 ","0 ","0 ","0 ","0 ","0 ","0 ","0 ","0 ","","0","0","0","0","0","0","1","0","0","0","","14","3"
"2015-09-18 05:17:50.500","","0 ","0 ","0 ","0 ","0 ","0 ","0 ","0 ","0 ","0 ","","0","0","0","0","0","0","1","0","0","0","","14","3"
"2015-09-18 05:17:50.600","","0 ","0 ","0 ","0 ","0 ","0 ","0 ","0 ","0 ","0 ","","0","0","0","0","0","0","1","0","0","0","","14","3"
"2015-09-18 05:17:50.700","","0 ","0 ","0 ","0 ","0 ","0 ","0 ","0 ","0 ","0 ","","0","0","0","0","0","0","1","0","0","0","","14","3"
"2015-09-18 05:17:50.800","","0 ","0 ","0 ","0 ","0 ","0 ","0 ","0 ","0 ","0 ","","0","0","0","0","0","0","1","0","0","0","","14","3"
"2015-09-18 05:17:50.900","","0 ","0 ","0 ","0 ","0 ","0 ","0 ","0 ","0 ","0 ","","0","0","0","0","0","0","1","0","0","0","","14","3"
"2015-09-18 05:17:51.000","","0 ","0 ","0 ","0 ","0 ","0 ","0 ","0 ","0 ","0 ","","0","0","0","0","0","0","1","0","0","0","","17","4"
"2015-09-18 05:17:51.100","","3 ","68 ","53 ","101 ","44 ","56 ","88 ","46 ","37 ","42 ","","0","0","0","3","0","0","0","0","0","0","","17","4"
"2015-09-18 05:17:51.200","","0 ","0 ","0 ","0 ","0 ","0 ","0 ","0 ","0 ","0 ","","0","0","0","9","0","0","1","0","0","0","","17","4"
"2015-09-18 05:17:51.300","","0 ","0 ","0 ","0 ","0 ","0 ","0 ","0 ","0 ","0 ","","0","0","0","9","0","0","1","0","0","0","","17","4"
"2015-09-18 05:17:51.400","","0 ","0 ","0 ","0 ","0 ","0 ","0 ","0 ","0 ","0 ","","0","0","0","9","0","0","1","0","0","0","","17","4"
"2015-09-18 05:17:51.500","","0 ","0 ","0 ","0 ","0 ","0 ","0 ","0 ","0 ","0 ","","0","0","0","9","0","0","1","0","0","0","","17","4"
"2015-09-18 05:17:51.600","","0 ","0 ","0 ","0 ","0 ","0 ","0 ","0 ","0 ","0 ","","0","0","0","9","0","0","1","0","0","0","","17","4"
"2015-09-18 05:17:51.700","","0 ","0 ","0 ","0 ","0 ","0 ","0 ","0 ","0 ","0 ","","0","0","0","9","0","0","1","0","0","0","","17","4"
"2015-09-18 05:17:51.800","","0 ","0 ","0 ","0 ","0 ","0 ","0 ","0 ","0 ","0 ","","0","0","0","9","0","0","1","0","0","0","","17","4"
"2015-09-18 05:17:51.900","","0 ","0 ","0 ","0 ","0 ","0 ","0 ","0 ","0 ","0 ","","0","0","0","9","0","0","1","0","0","0","","17","4"
"2015-09-18 05:17:52.000","","70 ","87 ","101 ","0 ","0 ","0 ","0 ","100 ","101 ","0 ","","0","0","0","9","0","0","1","0","0","0","","16","3"
"2015-09-18 05:17:52.100","","24 ","1 ","101 ","0 ","0 ","0 ","0 ","0 ","18 ","1 ","","1","0","12","0","0","0","0","0","1","0","","16","3"
"2015-09-18 05:17:52.200","","0 ","0 ","0 ","0 ","0 ","0 ","0 ","0 ","0 ","0 ","","0","0","17","0","0","0","0","0","0","0","","16","3"
"2015-09-18 05:17:52.300","","0 ","0 ","0 ","0 ","0 ","0 ","0 ","0 ","0 ","0 ","","0","0","17","0","0","0","0","0","0","0","","16","3"
"2015-09-18 05:17:52.400","","0 ","0 ","0 ","0 ","0 ","0 ","0 ","0 ","0 ","0 ","","0","0","17","0","0","0","0","0","0","0","","16","3"
"2015-09-18 05:17:52.500","","0 ","0 ","0 ","0 ","0 ","0 ","0 ","0 ","0 ","0 ","","0","0","17","0","0","0","0","0","0","0","","16","3"
"2015-09-18 05:17:52.600","","0 ","0 ","0 ","0 ","0 ","0 ","0 ","0 ","0 ","0 ","","0","0","17","0","0","0","0","0","0","0","","16","3"
"2015-09-18 05:17:52.700","","0 ","0 ","0 ","0 ","0 ","0 ","0 ","0 ","0 ","0 ","","0","0","17","0","0","0","0","0","0","0","","16","3"
"2015-09-18 05:17:52.800","","0 ","0 ","0 ","0 ","0 ","0 ","0 ","0 ","0 ","0 ","","0","0","17","0","0","0","0","0","0","0","","16","3"
"2015-09-18 05:17:52.900","","0 ","0 ","0 ","0 ","0 ","0 ","0 ","0 ","0 ","0 ","","0","0","17","0","0","0","0","0","0","0","","16","3"
"2015-09-18 05:17:53.000","","86 ","98 ","0 ","0 ","33 ","54 ","0 ","59 ","0 ","72 ","","0","0","17","0","0","0","0","0","0","0","","17","4"
"2015-09-18 05:17:53.100","","86 ","1 ","79 ","47 ","101 ","1 ","85 ","1 ","51 ","1 ","","0","0","0","0","1","0","17","0","0","0","","17","4"
"2015-09-18 05:17:53.200","","0 ","0 ","0 ","0 ","0 ","0 ","0 ","0 ","0 ","0 ","","0","0","0","0","19","0","0","0","0","0","","17","4"
"2015-09-18 05:17:53.300","","0 ","0 ","0 ","0 ","0 ","0 ","0 ","0 ","0 ","0 ","","0","0","0","0","19","0","0","0","0","0","","17","4"
"2015-09-18 05:17:53.400","","0 ","0 ","0 ","0 ","0 ","0 ","0 ","0 ","0 ","0 ","","0","0","0","0","19","0","0","0","0","0","","17","4"
"2015-09-18 05:17:53.500","","0 ","0 ","0 ","0 ","0 ","0 ","0 ","0 ","0 ","0 ","","0","0","0","0","19","0","0","0","0","0","","17","4"
"2015-09-18 05:17:53.600","","0 ","0 ","0 ","0 ","0 ","0 ","0 ","0 ","0 ","0 ","","0","0","0","0","19","0","0","0","0","0","","17","4"
"2015-09-18 05:17:53.700","","0 ","0 ","0 ","0 ","0 ","0 ","0 ","0 ","0 ","0 ","","0","0","0","0","19","0","0","0","0","0","","17","4"
"2015-09-18 05:17:53.800","","0 ","0 ","0 ","0 ","0 ","0 ","0 ","0 ","0 ","0 ","","0","0","0","0","19","0","0","0","0","0","","17","4"
"2015-09-18 05:17:53.900","","0 ","0 ","0 ","0 ","0 ","0 ","0 ","0 ","0 ","0 ","","0","0","0","0","19","0","0","0","0","0","","17","4"
"2015-09-18 05:17:54.000","","0 ","0 ","0 ","4 ","56 ","51 ","0 ","56 ","0 ","0 ","","0","0","0","0","19","0","0","0","0","0","","15","4"
"2015-09-18 05:17:54.100","","40 ","39 ","41 ","80 ","94 ","78 ","0 ","76 ","39 ","72 ","","0","0","0","0","0","0","0","0","0","2","","15","4"
"2015-09-18 05:17:54.200","","0 ","0 ","0 ","0 ","0 ","0 ","0 ","0 ","0 ","0 ","","0","0","0","0","1","0","0","0","0","0","","15","4"
"2015-09-18 05:17:54.300","","0 ","0 ","0 ","0 ","0 ","0 ","0 ","0 ","0 ","0 ","","0","0","0","0","1","0","0","0","0","0","","15","4"
"2015-09-18 05:17:54.400","","0 ","0 ","0 ","0 ","0 ","0 ","0 ","0 ","0 ","0 ","","0","0","0","0","1","0","0","0","0","0","","15","4"
"2015-09-18 05:17:54.500","","0 ","0 ","0 ","0 ","0 ","0 ","0 ","0 ","0 ","0 ","","0","0","0","0","1","0","0","0","0","0","","15","4"
"2015-09-18 05:17:54.600","","0 ","0 ","0 ","0 ","0 ","0 ","0 ","0 ","0 ","0 ","","0","0","0","0","1","0","0","0","0","0","","15","4"
"2015-09-18 05:17:54.700","","0 ","0 ","0 ","0 ","0 ","0 ","0 ","0 ","0 ","0 ","","0","0","0","0","1","0","0","0","0","0","","15","4"
"2015-09-18 05:17:54.800","","0 ","0 ","0 ","0 ","0 ","0 ","0 ","0 ","0 ","0 ","","0","0","0","0","1","0","0","0","0","0","","15","4"
"2015-09-18 05:17:54.900","","0 ","0 ","0 ","0 ","0 ","0 ","0 ","0 ","0 ","0 ","","0","0","0","0","1","0","0","0","0","0","","15","4"
"2015-09-18 05:17:55.000","","0 ","0 ","0 ","0 ","0 ","20 ","0 ","21 ","0 ","0 ","","0","0","0","0","1","0","0","0","0","0","","19","4"
"2015-09-18 05:17:55.100","","29 ","85 ","29 ","29 ","14 ","53 ","15 ","14 ","101 ","15 ","","3","0","0","0","0","0","0","2","1","0","","19","4"
"2015-09-18 05:17:55.200","","0 ","0 ","0 ","0 ","0 ","0 ","0 ","0 ","0 ","0 ","","3","0","0","0","0","0","0","2","1","0","","19","4"
"2015-09-18 05:17:55.300","","0 ","0 ","0 ","0 ","0 ","0 ","0 ","0 ","0 ","0 ","","3","0","0","0","0","0","0","2","1","0","","19","4"
"2015-09-18 05:17:55.400","","0 ","0 ","0 ","0 ","0 ","0 ","0 ","0 ","0 ","0 ","","3","0","0","0","0","0","0","2","1","0","","19","4"
"2015-09-18 05:17:55.500","","0 ","0 ","0 ","0 ","0 ","0 ","0 ","0 ","0 ","0 ","","3","0","0","0","0","0","0","2","1","0","","19","4"
"2015-09-18 05:17:55.600","","0 ","0 ","0 ","0 ","0 ","0 ","0 ","0 ","0 ","0 ","","3","0","0","0","0","0","0","2","1","0","","19","4"
"2015-09-18 05:17:55.700","","0 ","0 ","0 ","0 ","0 ","0 ","0 ","0 ","0 ","0 ","","3","0","0","0","0","0","0","2","1","0","","19","4"
"2015-09-18 05:17:55.800","","0 ","0 ","0 ","0 ","0 ","0 ","0 ","0 ","0 ","0 ","","3","0","0","0","0","0","0","2","1","0","","19","4"
"2015-09-18 05:17:55.900","","0 ","0 ","0 ","0 ","0 ","0 ","0 ","0 ","0 ","0 ","","3","0","0","0","0","0","0","2","1","0","","19","4"
"2015-09-18 05:17:56.000","","0 ","12 ","0 ","15 ","90 ","0 ","0 ","0 ","0 ","0 ","","3","0","0","0","0","0","0","2","1","0","","16","4"
"2015-09-18 05:17:56.100","","17 ","0 ","1 ","0 ","0 ","0 ","0 ","47 ","75 ","67 ","","1","0","0","0","1","1","0","0","0","0","","16","4"
"2015-09-18 05:17:56.200","","0 ","0 ","0 ","0 ","0 ","0 ","0 ","0 ","0 ","0 ","","1","0","0","0","1","1","0","0","0","0","","16","4"
"2015-09-18 05:17:56.300","","0 ","0 ","0 ","0 ","0 ","0 ","0 ","0 ","0 ","0 ","","1","0","0","0","1","1","0","0","0","0","","16","4"
"2015-09-18 05:17:56.400","","0 ","0 ","0 ","0 ","0 ","0 ","0 ","0 ","0 ","0 ","","1","0","0","0","1","1","0","0","0","0","","16","4"
"2015-09-18 05:17:56.500","","0 ","0 ","0 ","0 ","0 ","0 ","0 ","0 ","0 ","0 ","","1","0","0","0","1","1","0","0","0","0","","16","4"
"2015-09-18 05:17:56.600","","0 ","0 ","0 ","0 ","0 ","0 ","0 ","0 ","0 ","0 ","","1","0","0","0","1","1","0","0","0","0","","16","4"
"2015-09-18 05:17:56.700","","0 ","0 ","0 ","0 ","0 ","0 ","0 ","0 ","0 ","0 ","","1","0","0","0","1","1","0","0","0","0","","16","4"
"2015-09-18 05:17:56.800","","0 ","0 ","0 ","0 ","0 ","0 ","0 ","0 ","0 ","0 ","","1","0","0","0","1","1","0","0","0","0","","16","4"
"2015-09-18 05:17:56.900","","0 ","0 ","0 ","0 ","0 ","0 ","0 ","0 ","0 ","0 ","","1","0","0","0","1","1","0","0","0","0","","16","4"
"2015-09-18 05:17:57.000","","0 ","5 ","0 ","0 ","5 ","96 ","0 ","0 ","0 ","101 ","","1","0","0","0","1","1","0","0","0","0","","20","3"
"2015-09-18 05:17:57.100","","72 ","82 ","13 ","97 ","0 ","96 ","78 ","87 ","12 ","82 ","","0","1","1","1","0","0","0","5","0","1","","20","3"
"2015-09-18 05:17:57.200","","0 ","0 ","0 ","0 ","0 ","0 ","0 ","0 ","0 ","0 ","","0","1","0","1","0","0","0","0","0","0","","20","3"
"2015-09-18 05:17:57.300","","0 ","0 ","0 ","0 ","0 ","0 ","0 ","0 ","0 ","0 ","","0","1","0","1","0","0","0","0","0","0","","20","3"
"2015-09-18 05:17:57.400","","0 ","0 ","0 ","0 ","0 ","0 ","0 ","0 ","0 ","0 ","","0","1","0","1","0","0","0","0","0","0","","20","3"
"2015-09-18 05:17:57.500","","0 ","0 ","0 ","0 ","0 ","0 ","0 ","0 ","0 ","0 ","","0","1","0","1","0","0","0","0","0","0","","20","3"
"2015-09-18 05:17:57.600","","0 ","0 ","0 ","0 ","0 ","0 ","0 ","0 ","0 ","0 ","","0","1","0","1","0","0","0","0","0","0","","20","3"
"2015-09-18 05:17:57.700","","0 ","0 ","0 ","0 ","0 ","0 ","0 ","0 ","0 ","0 ","","0","1","0","1","0","0","0","0","0","0","","20","3"
"2015-09-18 05:17:57.800","","0 ","0 ","0 ","0 ","0 ","0 ","0 ","0 ","0 ","0 ","","0","1","0","1","0","0","0","0","0","0","","20","3"
"2015-09-18 05:17:57.900","","0 ","0 ","0 ","0 ","0 ","0 ","0 ","0 ","0 ","0 ","","0","1","0","1","0","0","0","0","0","0","","20","3"
"2015-09-18 05:17:58.000","","0 ","0 ","23 ","0 ","0 ","0 ","0 ","49 ","0 ","0 ","","0","1","0","1","0","0","0","0","0","0","","17","3"
"2015-09-18 05:17:58.100","","0 ","7 ","0 ","12 ","2 ","65 ","38 ","19 ","46 ","40 ","","0","0","1","1","0","0","0","1","0","0","","17","3"
"2015-09-18 05:17:58.200","","0 ","0 ","0 ","0 ","0 ","0 ","0 ","0 ","0 ","0 ","","0","0","0","0","0","1","0","0","1","0","","17","3"
"2015-09-18 05:17:58.300","","0 ","0 ","0 ","0 ","0 ","0 ","0 ","0 ","0 ","0 ","","0","0","0","0","0","1","0","0","1","0","","17","3"
"2015-09-18 05:17:58.400","","0 ","0 ","0 ","0 ","0 ","0 ","0 ","0 ","0 ","0 ","","0","0","0","0","0","1","0","0","1","0","","17","3"
"2015-09-18 05:17:58.500","","0 ","0 ","0 ","0 ","0 ","0 ","0 ","0 ","0 ","0 ","","0","0","0","0","0","1","0","0","1","0","","17","3"
"2015-09-18 05:17:58.600","","0 ","0 ","0 ","0 ","0 ","0 ","0 ","0 ","0 ","0 ","","0","0","0","0","0","1","0","0","1","0","","17","3"
"2015-09-18 05:17:58.700","","0 ","0 ","0 ","0 ","0 ","0 ","0 ","0 ","0 ","0 ","","0","0","0","0","0","1","0","0","1","0","","17","3"
"2015-09-18 05:17:58.800","","0 ","0 ","0 ","0 ","0 ","0 ","0 ","0 ","0 ","0 ","","0","0","0","0","0","1","0","0","1","0","","17","3"
"2015-09-18 05:17:58.900","","0 ","0 ","0 ","0 ","0 ","0 ","0 ","0 ","0 ","0 ","","0","0","0","0","0","1","0","0","1","0","","17","3"
"2015-09-18 05:17:59.000","","101 ","0 ","1 ","1 ","0 ","0 ","0 ","101 ","101 ","101 ","","0","0","0","0","0","1","0","0","1","0","","16","3"
"2015-09-18 05:17:59.100","","7 ","7 ","50 ","101 ","7 ","7 ","7 ","7 ","7 ","1 ","","1","0","3","21","0","0","0","1","0","0","","16","3"
"2015-09-18 05:17:59.200","","0 ","0 ","0 ","0 ","0 ","0 ","0 ","0 ","0 ","0 ","","0","0","0","22","0","0","0","0","0","0","","16","3"
"2015-09-18 05:17:59.300","","0 ","0 ","0 ","0 ","0 ","0 ","0 ","0 ","0 ","0 ","","0","0","0","22","0","0","0","0","0","0","","16","3"
"2015-09-18 05:17:59.400","","0 ","0 ","0 ","0 ","0 ","0 ","0 ","0 ","0 ","0 ","","0","0","0","22","0","0","0","0","0","0","","16","3"
"2015-09-18 05:17:59.500","","0 ","0 ","0 ","0 ","0 ","0 ","0 ","0 ","0 ","0 ","","0","0","0","22","0","0","0","0","0","0","","16","3"
"2015-09-18 05:17:59.600","","0 ","0 ","0 ","0 ","0 ","0 ","0 ","0 ","0 ","0 ","","0","0","0","22","0","0","0","0","0","0","","16","3"
"2015-09-18 05:17:59.700","","0 ","0 ","0 ","0 ","0 ","0 ","0 ","0 ","0 ","0 ","","0","0","0","22","0","0","0","0","0","0","","16","3"
"2015-09-18 05:17:59.800","","0 ","0 ","0 ","0 ","0 ","0 ","0 ","0 ","0 ","0 ","","0","0","0","22","0","0","0","0","0","0","","16","3"
"2015-09-18 05:17:59.900","","0 ","0 ","0 ","0 ","0 ","0 ","0 ","0 ","0 ","0 ","","0","0","0","22","0","0","0","0","0","0","","16","3"
"2015-09-18 05:18:00.000","","0 ","0 ","0 ","0 ","0 ","0 ","64 ","0 ","0 ","0 ","","0","0","0","22","0","0","0","0","0","0","","18","4"
"2015-09-18 05:18:00.100","","101 ","0 ","31 ","20 ","0 ","0 ","21 ","51 ","7 ","74 ","","3","0","0","0","0","0","0","1","1","0","","18","4"
"2015-09-18 05:18:00.200","","0 ","0 ","0 ","0 ","0 ","0 ","0 ","0 ","0 ","0 ","","30","0","0","1","0","0","1","0","0","0","","18","4"
"2015-09-18 05:18:00.300","","0 ","0 ","0 ","0 ","0 ","0 ","0 ","0 ","0 ","0 ","","30","0","0","1","0","0","1","0","0","0","","18","4"
"2015-09-18 05:18:00.400","","0 ","0 ","0 ","0 ","0 ","0 ","0 ","0 ","0 ","0 ","","30","0","0","1","0","0","1","0","0","0","","18","4"
"2015-09-18 05:18:00.500","","0 ","0 ","0 ","0 ","0 ","0 ","0 ","0 ","0 ","0 ","","30","0","0","1","0","0","1","0","0","0","","18","4"
"2015-09-18 05:18:00.600","","0 ","0 ","0 ","0 ","0 ","0 ","0 ","0 ","0 ","0 ","","30","0","0","1","0","0","1","0","0","0","","18","4"
"2015-09-18 05:18:00.700","","0 ","0 ","0 ","0 ","0 ","0 ","0 ","0 ","0 ","0 ","","30","0","0","1","0","0","1","0","0","0","","18","4"
"2015-09-18 05:18:00.800","","0 ","0 ","0 ","0 ","0 ","0 ","0 ","0 ","0 ","0 ","","30","0","0","1","0","0","1","0","0","0","","18","4"
"2015-09-18 05:18:00.900","","0 ","0 ","0 ","0 ","0 ","0 ","0 ","0 ","0 ","0 ","","30","0","0","1","0","0","1","0","0","0","","18","4"
"2015-09-18 05:18:01.000","","91 ","0 ","0 ","0 ","60 ","59 ","0 ","63 ","0 ","70 ","","30","0","0","1","0","0","1","0","0","0","","26","4"
"2015-09-18 05:18:01.100","","28 ","28 ","0 ","83 ","101 ","0 ","52 ","0 ","45 ","0 ","","7","0","0","0","1","0","0","0","0","0","","26","4"
"2015-09-18 05:18:01.200","","0 ","0 ","0 ","0 ","0 ","0 ","0 ","0 ","0 ","0 ","","0","0","1","0","3","0","1","0","0","0","","26","4"
"2015-09-18 05:18:01.300","","0 ","0 ","0 ","0 ","0 ","0 ","0 ","0 ","0 ","0 ","","0","0","1","0","3","0","1","0","0","0","","26","4"
"2015-09-18 05:18:01.400","","0 ","0 ","0 ","0 ","0 ","0 ","0 ","0 ","0 ","0 ","","0","0","1","0","3","0","1","0","0","0","","26","4"
"2015-09-18 05:18:01.500","","0 ","0 ","0 ","0 ","0 ","0 ","0 ","0 ","0 ","0 ","","0","0","1","0","3","0","1","0","0","0","","26","4"
"2015-09-18 05:18:01.600","","0 ","0 ","0 ","0 ","0 ","0 ","0 ","0 ","0 ","0 ","","0","0","1","0","3","0","1","0","0","0","","26","4"
"2015-09-18 05:18:01.700","","0 ","0 ","0 ","0 ","0 ","0 ","0 ","0 ","0 ","0 ","","0","0","1","0","3","0","1","0","0","0","","26","4"
"2015-09-18 05:18:01.800","","0 ","0 ","0 ","0 ","0 ","0 ","0 ","0 ","0 ","0 ","","0","0","1","0","3","0","1","0","0","0","","26","4"
"2015-09-18 05:18:01.900","","0 ","0 ","0 ","0 ","0 ","0 ","0 ","0 ","0 ","0 ","","0","0","1","0","3","0","1","0","0","0","","26","4"
"2015-09-18 05:18:02.000","","0 ","0 ","0 ","0 ","101 ","101 ","101 ","0 ","88 ","0 ","","0","0","1","0","3","0","1","0","0","0","","17","3"
"2015-09-18 05:18:02.100","","77 ","69 ","93 ","69 ","36 ","77 ","38 ","69 ","77 ","69 ","","0","0","0","0","1","1","0","0","0","0","","17","3"
"2015-09-18 05:18:02.200","","0 ","0 ","0 ","0 ","0 ","0 ","0 ","0 ","0 ","0 ","","0","0","2","0","0","0","1","0","0","0","","17","3"
"2015-09-18 05:18:02.300","","0 ","0 ","0 ","0 ","0 ","0 ","0 ","0 ","0 ","0 ","","0","0","2","0","0","0","1","0","0","0","","17","3"
"2015-09-18 05:18:02.400","","0 ","0 ","0 ","0 ","0 ","0 ","0 ","0 ","0 ","0 ","","0","0","2","0","0","0","1","0","0","0","","17","3"
"2015-09-18 05:18:02.500","","0 ","0 ","0 ","0 ","0 ","0 ","0 ","0 ","0 ","0 ","","0","0","2","0","0","0","1","0","0","0","","17","3"
"2015-09-18 05:18:02.600","","0 ","0 ","0 ","0 ","0 ","0 ","0 ","0 ","0 ","0 ","","0","0","2","0","0","0","1","0","0","0","","17","3"
"2015-09-18 05:18:02.700","","0 ","0 ","0 ","0 ","0 ","0 ","0 ","0 ","0 ","0 ","","0","0","2","0","0","0","1","0","0","0","","17","3"
"2015-09-18 05:18:02.800","","0 ","0 ","0 ","0 ","0 ","0 ","0 ","0 ","0 ","0 ","","0","0","2","0","0","0","1","0","0","0","","17","3"
"2015-09-18 05:18:02.900","","0 ","0 ","0 ","0 ","0 ","0 ","0 ","0 ","0 ","0 ","","0","0","2","0","0","0","1","0","0","0","","17","3"
"2015-09-18 05:18:03.000","","0 ","0 ","0 ","0 ","0 ","0 ","0 ","0 ","0 ","0 ","","0","0","2","0","0","0","1","0","0","0","","19","4"
"2015-09-18 05:18:03.100","","45 ","9 ","0 ","79 ","0 ","88 ","45 ","82 ","45 ","91 ","","0","0","1","0","0","0","1","0","0","0","","19","4"
"2015-09-18 05:18:03.200","","0 ","0 ","0 ","0 ","0 ","0 ","0 ","0 ","0 ","0 ","","0","0","1","1","0","0","0","0","0","1","","19","4"
"2015-09-18 05:18:03.300","","0 ","0 ","0 ","0 ","0 ","0 ","0 ","0 ","0 ","0 ","","0","0","1","1","0","0","0","0","0","1","","19","4"
"2015-09-18 05:18:03.400","","0 ","0 ","0 ","0 ","0 ","0 ","0 ","0 ","0 ","0 ","","0","0","1","1","0","0","0","0","0","1","","19","4"
"2015-09-18 05:18:03.500","","0 ","0 ","0 ","0 ","0 ","0 ","0 ","0 ","0 ","0 ","","0","0","1","1","0","0","0","0","0","1","","19","4"
"2015-09-18 05:18:03.600","","0 ","0 ","0 ","0 ","0 ","0 ","0 ","0 ","0 ","0 ","","0","0","1","1","0","0","0","0","0","1","","19","4"
"2015-09-18 05:18:03.700","","0 ","0 ","0 ","0 ","0 ","0 ","0 ","0 ","0 ","0 ","","0","0","1","1","0","0","0","0","0","1","","19","4"
"2015-09-18 05:18:03.800","","0 ","0 ","0 ","0 ","0 ","0 ","0 ","0 ","0 ","0 ","","0","0","1","1","0","0","0","0","0","1","","19","4"
"2015-09-18 05:18:03.900","","0 ","0 ","0 ","0 ","0 ","0 ","0 ","0 ","0 ","0 ","","0","0","1","1","0","0","0","0","0","1","","19","4"
"2015-09-18 05:18:04.000","","0 ","0 ","0 ","0 ","99 ","101 ","78 ","100 ","101 ","101 ","","0","0","1","1","0","0","0","0","0","1","","18","3"
"2015-09-18 05:18:04.100","","2 ","2 ","11 ","2 ","70 ","2 ","101 ","2 ","2 ","2 ","","1","0","0","0","2","1","14","0","0","0","","18","3"
"2015-09-18 05:18:04.200","","0 ","0 ","0 ","0 ","0 ","0 ","0 ","0 ","0 ","0 ","","0","0","1","0","0","0","17","0","0","0","","18","3"
"2015-09-18 05:18:04.300","","0 ","0 ","0 ","0 ","0 ","0 ","0 ","0 ","0 ","0 ","","0","0","1","0","0","0","17","0","0","0","","18","3"
"2015-09-18 05:18:04.400","","0 ","0 ","0 ","0 ","0 ","0 ","0 ","0 ","0 ","0 ","","0","0","1","0","0","0","17","0","0","0","","18","3"
"2015-09-18 05:18:04.500","","0 ","0 ","0 ","0 ","0 ","0 ","0 ","0 ","0 ","0 ","","0","0","1","0","0","0","17","0","0","0","","18","3"
"2015-09-18 05:18:04.600","","0 ","0 ","0 ","0 ","0 ","0 ","0 ","0 ","0 ","0 ","","0","0","1","0","0","0","17","0","0","0","","18","3"
"2015-09-18 05:18:04.700","","0 ","0 ","0 ","0 ","0 ","0 ","0 ","0 ","0 ","0 ","","0","0","1","0","0","0","17","0","0","0","","18","3"
"2015-09-18 05:18:04.800","","0 ","0 ","0 ","0 ","0 ","0 ","0 ","0 ","0 ","0 ","","0","0","1","0","0","0","17","0","0","0","","18","3"
"2015-09-18 05:18:04.900","","0 ","0 ","0 ","0 ","0 ","0 ","0 ","0 ","0 ","0 ","","0","0","1","0","0","0","17","0","0","0","","18","3"
"2015-09-18 05:18:05.000","","61 ","61 ","58 ","101 ","99 ","0 ","0 ","61 ","43 ","101 ","","0","0","1","0","0","0","17","0","0","0","","19","3"
"2015-09-18 05:18:05.100","","0 ","0 ","0 ","101 ","0 ","62 ","0 ","0 ","22 ","0 ","","0","0","0","23","0","0","0","0","0","2","","19","3"
"2015-09-18 05:18:05.200","","0 ","0 ","0 ","0 ","0 ","0 ","0 ","0 ","0 ","0 ","","0","0","0","14","0","0","0","0","0","0","","19","3"
"2015-09-18 05:18:05.300","","0 ","0 ","0 ","0 ","0 ","0 ","0 ","0 ","0 ","0 ","","0","0","0","14","0","0","0","0","0","0","","19","3"
"2015-09-18 05:18:05.400","","0 ","0 ","0 ","0 ","0 ","0 ","0 ","0 ","0 ","0 ","","0","0","0","14","0","0","0","0","0","0","","19","3"
"2015-09-18 05:18:05.500","","0 ","0 ","0 ","0 ","0 ","0 ","0 ","0 ","0 ","0 ","","0","0","0","14","0","0","0","0","0","0","","19","3"
"2015-09-18 05:18:05.600","","0 ","0 ","0 ","0 ","0 ","0 ","0 ","0 ","0 ","0 ","","0","0","0","14","0","0","0","0","0","0","","19","3"
"2015-09-18 05:18:05.700","","0 ","0 ","0 ","0 ","0 ","0 ","0 ","0 ","0 ","0 ","","0","0","0","14","0","0","0","0","0","0","","19","3"
"2015-09-18 05:18:05.800","","0 ","0 ","0 ","0 ","0 ","0 ","0 ","0 ","0 ","0 ","","0","0","0","14","0","0","0","0","0","0","","19","3"
"2015-09-18 05:18:05.900","","0 ","0 ","0 ","0 ","0 ","0 ","0 ","0 ","0 ","0 ","","0","0","0","14","0","0","0","0","0","0","","19","3"
"2015-09-18 05:18:06.000","","0 ","0 ","0 ","0 ","0 ","0 ","0 ","0 ","88 ","0 ","","0","0","0","14","0","0","0","0","0","0","","29","4"
"2015-09-18 05:18:06.100","","101 ","1 ","1 ","1 ","1 ","1 ","1 ","1 ","1 ","1 ","","13","0","0","0","0","0","0","0","0","1","","29","4"
"2015-09-18 05:18:06.200","","101 ","0 ","101 ","66 ","101 ","101 ","101 ","66 ","101 ","66 ","","15","0","0","0","0","0","0","0","0","0","","29","4"
"2015-09-18 05:18:06.300","","0 ","0 ","0 ","0 ","0 ","0 ","0 ","0 ","0 ","0 ","","15","0","0","0","0","0","0","0","0","0","","29","4"
"2015-09-18 05:18:06.400","","0 ","0 ","0 ","0 ","0 ","0 ","0 ","0 ","0 ","0 ","","15","0","0","0","0","0","0","0","0","0","","29","4"
"2015-09-18 05:18:06.500","","0 ","0 ","0 ","0 ","0 ","0 ","0 ","0 ","0 ","0 ","","15","0","0","0","0","0","0","0","0","0","","29","4"
"2015-09-18 05:18:06.600","","0 ","0 ","0 ","0 ","0 ","0 ","0 ","0 ","0 ","0 ","","15","0","0","0","0","0","0","0","0","0","","29","4"
"2015-09-18 05:18:06.700","","0 ","0 ","0 ","0 ","0 ","0 ","0 ","0 ","0 ","0 ","","15","0","0","0","0","0","0","0","0","0","","29","4"
"2015-09-18 05:18:06.800","","0 ","0 ","0 ","0 ","0 ","0 ","0 ","0 ","0 ","0 ","","15","0","0","0","0","0","0","0","0","0","","29","4"
"2015-09-18 05:18:06.900","","0 ","0 ","0 ","0 ","0 ","0 ","0 ","0 ","0 ","0 ","","15","0","0","0","0","0","0","0","0","0","","29","4"
"2015-09-18 05:18:07.000","","0 ","75 ","77 ","64 ","84 ","0 ","0 ","70 ","41 ","50 ","","15","0","0","0","0","0","0","0","0","0","","18","3"
"2015-09-18 05:18:07.100","","3 ","3 ","3 ","7 ","101 ","7 ","3 ","3 ","2 ","3 ","","0","0","0","0","15","1","0","0","0","0","","18","3"
"2015-09-18 05:18:07.200","","0 ","0 ","0 ","0 ","0 ","0 ","0 ","0 ","0 ","0 ","","0","0","0","0","21","0","0","0","1","0","","18","3"
"2015-09-18 05:18:07.300","","0 ","0 ","0 ","0 ","0 ","0 ","0 ","0 ","0 ","0 ","","0","0","0","0","21","0","0","0","1","0","","18","3"
"2015-09-18 05:18:07.400","","0 ","0 ","0 ","0 ","0 ","0 ","0 ","0 ","0 ","0 ","","0","0","0","0","21","0","0","0","1","0","","18","3"
"2015-09-18 05:18:07.500","","0 ","0 ","0 ","0 ","0 ","0 ","0 ","0 ","0 ","0 ","","0","0","0","0","21","0","0","0","1","0","","18","3"
"2015-09-18 05:18:07.600","","0 ","0 ","0 ","0 ","0 ","0 ","0 ","0 ","0 ","0 ","","0","0","0","0","21","0","0","0","1","0","","18","3"
"2015-09-18 05:18:07.700","","0 ","0 ","0 ","0 ","0 ","0 ","0 ","0 ","0 ","0 ","","0","0","0","0","21","0","0","0","1","0","","18","3"
"2015-09-18 05:18:07.800","","0 ","0 ","0 ","0 ","0 ","0 ","0 ","0 ","0 ","0 ","","0","0","0","0","21","0","0","0","1","0","","18","3"
"2015-09-18 05:18:07.900","","0 ","0 ","0 ","0 ","0 ","0 ","0 ","0 ","0 ","0 ","","0","0","0","0","21","0","0","0","1","0","","18","3"
"2015-09-18 05:18:08.000","","42 ","0 ","15 ","6 ","0 ","40 ","0 ","0 ","42 ","42 ","","0","0","0","0","21","0","0","0","1","0","","21","5"
"2015-09-18 05:18:08.100","","50 ","14 ","0 ","94 ","48 ","67 ","50 ","49 ","62 ","15 ","","0","0","0","0","1","0","0","1","0","0","","21","5"
"2015-09-18 05:18:08.200","","0 ","0 ","0 ","0 ","0 ","0 ","0 ","0 ","0 ","0 ","","0","0","0","2","0","0","0","0","0","0","","21","5"
"2015-09-18 05:18:08.300","","0 ","0 ","0 ","0 ","0 ","0 ","0 ","0 ","0 ","0 ","","0","0","0","2","0","0","0","0","0","0","","21","5"
"2015-09-18 05:18:08.400","","0 ","0 ","0 ","0 ","0 ","0 ","0 ","0 ","0 ","0 ","","0","0","0","2","0","0","0","0","0","0","","21","5"
"2015-09-18 05:18:08.500","","0 ","0 ","0 ","0 ","0 ","0 ","0 ","0 ","0 ","0 ","","0","0","0","2","0","0","0","0","0","0","","21","5"
"2015-09-18 05:18:08.600","","0 ","0 ","0 ","0 ","0 ","0 ","0 ","0 ","0 ","0 ","","0","0","0","2","0","0","0","0","0","0","","21","5"
"2015-09-18 05:18:08.700","","0 ","0 ","0 ","0 ","0 ","0 ","0 ","0 ","0 ","0 ","","0","0","0","2","0","0","0","0","0","0","","21","5"
"2015-09-18 05:18:08.800","","0 ","0 ","0 ","0 ","0 ","0 ","0 ","0 ","0 ","0 ","","0","0","0","2","0","0","0","0","0","0","","21","5"
"2015-09-18 05:18:08.900","","0 ","0 ","0 ","0 ","0 ","0 ","0 ","0 ","0 ","0 ","","0","0","0","2","0","0","0","0","0","0","","21","5"
"2015-09-18 05:18:09.000","","101 ","101 ","101 ","0 ","96 ","85 ","77 ","101 ","68 ","59 ","","0","0","0","2","0","0","0","0","0","0","","19","3"
"2015-09-18 05:18:09.100","","0 ","0 ","0 ","101 ","13 ","3 ","0 ","0 ","0 ","5 ","","0","0","1","29","0","0","0","1","0","0","","19","3"
"2015-09-18 05:18:09.200","","0 ","0 ","0 ","0 ","0 ","0 ","0 ","0 ","0 ","0 ","","0","0","0","24","0","1","1","0","0","0","","19","3"
"2015-09-18 05:18:09.300","","0 ","0 ","0 ","0 ","0 ","0 ","0 ","0 ","0 ","0 ","","0","0","0","24","0","1","1","0","0","0","","19","3"
"2015-09-18 05:18:09.400","","0 ","0 ","0 ","0 ","0 ","0 ","0 ","0 ","0 ","0 ","","0","0","0","24","0","1","1","0","0","0","","19","3"
"2015-09-18 05:18:09.500","","0 ","0 ","0 ","0 ","0 ","0 ","0 ","0 ","0 ","0 ","","0","0","0","24","0","1","1","0","0","0","","19","3"
"2015-09-18 05:18:09.600","","0 ","0 ","0 ","0 ","0 ","0 ","0 ","0 ","0 ","0 ","","0","0","0","24","0","1","1","0","0","0","","19","3"
"2015-09-18 05:18:09.700","","0 ","0 ","0 ","0 ","0 ","0 ","0 ","0 ","0 ","0 ","","0","0","0","24","0","1","1","0","0","0","","19","3"
"2015-09-18 05:18:09.800","","0 ","0 ","0 ","0 ","0 ","0 ","0 ","0 ","0 ","0 ","","0","0","0","24","0","1","1","0","0","0","","19","3"
"2015-09-18 05:18:09.900","","0 ","0 ","0 ","0 ","0 ","0 ","0 ","0 ","0 ","0 ","","0","0","0","24","0","1","1","0","0","0","","19","3"
"2015-09-18 05:18:10.000","","0 ","0 ","51 ","0 ","0 ","0 ","43 ","76 ","66 ","0 ","","0","0","0","24","0","1","1","0","0","0","","20","4"
"2015-09-18 05:18:10.100","","0 ","0 ","101 ","0 ","0 ","0 ","4 ","0 ","0 ","0 ","","0","0","2","0","0","0","0","0","0","1","","20","4"
"2015-09-18 05:18:10.200","","0 ","0 ","0 ","0 ","0 ","0 ","0 ","0 ","0 ","0 ","","0","0","8","2","0","0","2","0","0","0","","20","4"
"2015-09-18 05:18:10.300","","0 ","0 ","0 ","0 ","0 ","0 ","0 ","0 ","0 ","0 ","","0","0","8","2","0","0","2","0","0","0","","20","4"
"2015-09-18 05:18:10.400","","0 ","0 ","0 ","0 ","0 ","0 ","0 ","0 ","0 ","0 ","","0","0","8","2","0","0","2","0","0","0","","20","4"
"2015-09-18 05:18:10.500","","0 ","0 ","0 ","0 ","0 ","0 ","0 ","0 ","0 ","0 ","","0","0","8","2","0","0","2","0","0","0","","20","4"
"2015-09-18 05:18:10.600","","0 ","0 ","0 ","0 ","0 ","0 ","0 ","0 ","0 ","0 ","","0","0","8","2","0","0","2","0","0","0","","20","4"
"2015-09-18 05:18:10.700","","0 ","0 ","0 ","0 ","0 ","0 ","0 ","0 ","0 ","0 ","","0","0","8","2","0","0","2","0","0","0","","20","4"
"2015-09-18 05:18:10.800","","0 ","0 ","0 ","0 ","0 ","0 ","0 ","0 ","0 ","0 ","","0","0","8","2","0","0","2","0","0","0","","20","4"
"2015-09-18 05:18:10.900","","0 ","0 ","0 ","0 ","0 ","0 ","0 ","0 ","0 ","0 ","","0","0","8","2","0","0","2","0","0","0","","20","4"
"2015-09-18 05:18:11.000","","0 ","0 ","100 ","0 ","101 ","0 ","0 ","101 ","101 ","101 ","","0","0","8","2","0","0","2","0","0","0","","18","4"
"2015-09-18 05:18:11.100","","4 ","4 ","40 ","15 ","40 ","15 ","4 ","14 ","101 ","101 ","","0","0","0","0","0","0","0","0","14","3","","18","4"
"2015-09-18 05:18:11.200","","0 ","0 ","0 ","0 ","0 ","0 ","0 ","0 ","0 ","0 ","","0","0","0","0","1","0","0","0","25","1","","18","4"
"2015-09-18 05:18:11.300","","0 ","0 ","0 ","0 ","0 ","0 ","0 ","0 ","0 ","0 ","","0","0","0","0","1","0","0","0","25","1","","18","4"
"2015-09-18 05:18:11.400","","0 ","0 ","0 ","0 ","0 ","0 ","0 ","0 ","0 ","0 ","","0","0","0","0","1","0","0","0","25","1","","18","4"
"2015-09-18 05:18:11.500","","0 ","0 ","0 ","0 ","0 ","0 ","0 ","0 ","0 ","0 ","","0","0","0","0","1","0","0","0","25","1","","18","4"
"2015-09-18 05:18:11.600","","0 ","0 ","0 ","0 ","0 ","0 ","0 ","0 ","0 ","0 ","","0","0","0","0","1","0","0","0","25","1","","18","4"
"2015-09-18 05:18:11.700","","0 ","0 ","0 ","0 ","0 ","0 ","0 ","0 ","0 ","0 ","","0","0","0","0","1","0","0","0","25","1","","18","4"
"2015-09-18 05:18:11.800","","0 ","0 ","0 ","0 ","0 ","0 ","0 ","0 ","0 ","0 ","","0","0","0","0","1","0","0","0","25","1","","18","4"
"2015-09-18 05:18:11.900","","0 ","0 ","0 ","0 ","0 ","0 ","0 ","0 ","0 ","0 ","","0","0","0","0","1","0","0","0","25","1","","18","4"
"2015-09-18 05:18:12.000","","101 ","101 ","56 ","61 ","101 ","62 ","0 ","0 ","101 ","101 ","","0","0","0","0","1","0","0","0","25","1","","19","3"
"2015-09-18 05:18:12.100","","101 ","25 ","33 ","0 ","101 ","0 ","71 ","0 ","101 ","40 ","","0","0","0","0","0","0","0","0","2","27","","19","3"
"2015-09-18 05:18:12.200","","0 ","0 ","0 ","0 ","0 ","0 ","0 ","0 ","0 ","0 ","","3","1","0","0","0","0","0","0","7","1","","19","3"
"2015-09-18 05:18:12.300","","0 ","0 ","0 ","0 ","0 ","0 ","0 ","0 ","0 ","0 ","","3","1","0","0","0","0","0","0","7","1","","19","3"
"2015-09-18 05:18:12.400","","0 ","0 ","0 ","0 ","0 ","0 ","0 ","0 ","0 ","0 ","","3","1","0","0","0","0","0","0","7","1","","19","3"
"2015-09-18 05:18:12.500","","0 ","0 ","0 ","0 ","0 ","0 ","0 ","0 ","0 ","0 ","","3","1","0","0","0","0","0","0","7","1","","19","3"
"2015-09-18 05:18:12.600","","0 ","0 ","0 ","0 ","0 ","0 ","0 ","0 ","0 ","0 ","","3","1","0","0","0","0","0","0","7","1","","19","3"
"2015-09-18 05:18:12.700","","0 ","0 ","0 ","0 ","0 ","0 ","0 ","0 ","0 ","0 ","","3","1","0","0","0","0","0","0","7","1","","19","3"
"2015-09-18 05:18:12.800","","0 ","0 ","0 ","0 ","0 ","0 ","0 ","0 ","0 ","0 ","","3","1","0","0","0","0","0","0","7","1","","19","3"
"2015-09-18 05:18:12.900","","0 ","0 ","0 ","0 ","0 ","0 ","0 ","0 ","0 ","0 ","","3","1","0","0","0","0","0","0","7","1","","19","3"
"2015-09-18 05:18:13.000","","0 ","0 ","0 ","0 ","1 ","0 ","0 ","1 ","0 ","0 ","","3","1","0","0","0","0","0","0","7","1","","49","6"
"2015-09-18 05:18:13.100","","1 ","1 ","1 ","1 ","1 ","1 ","101 ","1 ","1 ","1 ","","0","0","0","0","0","0","13","1","0","0","","49","6"
"2015-09-18 05:18:13.200","","101 ","0 ","0 ","0 ","0 ","32 ","0 ","0 ","0 ","0 ","","0","0","0","0","0","0","16","0","0","0","","49","6"
"2015-09-18 05:18:13.300","","0 ","0 ","0 ","0 ","0 ","11 ","0 ","0 ","0 ","0 ","","2","0","0","0","0","26","0","0","0","0","","49","6"
"2015-09-18 05:18:13.400","","0 ","0 ","0 ","0 ","0 ","0 ","0 ","0 ","0 ","0 ","","2","0","0","0","0","26","0","0","0","0","","49","6"
"2015-09-18 05:18:13.500","","0 ","0 ","0 ","0 ","0 ","0 ","0 ","0 ","0 ","0 ","","2","0","0","0","0","26","0","0","0","0","","49","6"
"2015-09-18 05:18:13.600","","0 ","0 ","0 ","0 ","0 ","0 ","0 ","0 ","0 ","0 ","","2","0","0","0","0","26","0","0","0","0","","49","6"
"2015-09-18 05:18:13.700","","0 ","0 ","0 ","0 ","0 ","0 ","0 ","0 ","0 ","0 ","","2","0","0","0","0","26","0","0","0","0","","49","6"
"2015-09-18 05:18:13.800","","0 ","0 ","0 ","0 ","0 ","0 ","0 ","0 ","0 ","0 ","","2","0","0","0","0","26","0","0","0","0","","49","6"
"2015-09-18 05:18:13.900","","0 ","0 ","0 ","0 ","0 ","0 ","0 ","0 ","0 ","0 ","","2","0","0","0","0","26","0","0","0","0","","49","6"
"2015-09-18 05:18:14.000","","0 ","0 ","0 ","6 ","0 ","19 ","0 ","0 ","0 ","91 ","","2","0","0","0","0","26","0","0","0","0","","35","6"
"2015-09-18 05:18:14.100","","4 ","33 ","34 ","48 ","4 ","0 ","45 ","32 ","33 ","34 ","","0","0","0","1","0","0","0","0","0","1","","35","6"
"2015-09-18 05:18:14.200","","0 ","0 ","0 ","0 ","0 ","0 ","0 ","0 ","0 ","0 ","","0","0","0","1","0","0","0","0","0","0","","35","6"
"2015-09-18 05:18:14.300","","0 ","0 ","0 ","0 ","0 ","0 ","0 ","0 ","0 ","0 ","","0","0","0","0","0","0","0","1","0","0","","35","6"
"2015-09-18 05:18:14.400","","0 ","0 ","0 ","0 ","0 ","0 ","0 ","0 ","0 ","0 ","","0","0","0","0","0","0","0","1","0","0","","35","6"
"2015-09-18 05:18:14.500","","0 ","0 ","0 ","0 ","0 ","0 ","0 ","0 ","0 ","0 ","","0","0","0","0","0","0","0","1","0","0","","35","6"
"2015-09-18 05:18:14.600","","0 ","0 ","0 ","0 ","0 ","0 ","0 ","0 ","0 ","0 ","","0","0","0","0","0","0","0","1","0","0","","35","6"
"2015-09-18 05:18:14.700","","0 ","0 ","0 ","0 ","0 ","0 ","0 ","0 ","0 ","0 ","","0","0","0","0","0","0","0","1","0","0","","35","6"
"2015-09-18 05:18:14.800","","0 ","0 ","0 ","0 ","0 ","0 ","0 ","0 ","0 ","0 ","","0","0","0","0","0","0","0","1","0","0","","35","6"
"2015-09-18 05:18:14.900","","0 ","0 ","0 ","0 ","0 ","0 ","0 ","0 ","0 ","0 ","","0","0","0","0","0","0","0","1","0","0","","35","6"
"2015-09-18 05:18:15.000","","0 ","0 ","0 ","39 ","0 ","0 ","47 ","56 ","64 ","77 ","","0","0","0","0","0","0","0","1","0","0","","23","5"
"2015-09-18 05:18:15.100","","71 ","1 ","101 ","1 ","12 ","1 ","49 ","1 ","1 ","1 ","","0","1","2","0","1","0","0","0","0","0","","23","5"
"2015-09-18 05:18:15.200","","0 ","0 ","0 ","0 ","0 ","0 ","0 ","0 ","0 ","0 ","","0","0","12","0","0","0","3","0","0","0","","23","5"
"2015-09-18 05:18:15.300","","0 ","0 ","0 ","0 ","0 ","0 ","0 ","0 ","0 ","0 ","","0","0","12","0","0","0","3","0","0","0","","23","5"
"2015-09-18 05:18:15.400","","0 ","0 ","0 ","0 ","0 ","0 ","0 ","0 ","0 ","0 ","","0","0","12","0","0","0","3","0","0","0","","23","5"
"2015-09-18 05:18:15.500","","0 ","0 ","0 ","0 ","0 ","0 ","0 ","0 ","0 ","0 ","","0","0","12","0","0","0","3","0","0","0","","23","5"
"2015-09-18 05:18:15.600","","0 ","0 ","0 ","0 ","0 ","0 ","0 ","0 ","0 ","0 ","","0","0","12","0","0","0","3","0","0","0","","23","5"
"2015-09-18 05:18:15.700","","0 ","0 ","0 ","0 ","0 ","0 ","0 ","0 ","0 ","0 ","","0","0","12","0","0","0","3","0","0","0","","23","5"
"2015-09-18 05:18:15.800","","0 ","0 ","0 ","0 ","0 ","0 ","0 ","0 ","0 ","0 ","","0","0","12","0","0","0","3","0","0","0","","23","5"
"2015-09-18 05:18:15.900","","0 ","0 ","0 ","0 ","0 ","0 ","0 ","0 ","0 ","0 ","","0","0","12","0","0","0","3","0","0","0","","23","5"
"2015-09-18 05:18:16.000","","101 ","98 ","0 ","0 ","76 ","0 ","61 ","0 ","101 ","37 ","","0","0","12","0","0","0","3","0","0","0","","21","4"
"2015-09-18 05:18:16.100","","1 ","101 ","1 ","0 ","0 ","0 ","0 ","0 ","1 ","0 ","","2","13","0","0","0","0","0","0","0","0","","21","4"
"2015-09-18 05:18:16.200","","0 ","0 ","0 ","0 ","0 ","0 ","0 ","0 ","0 ","0 ","","0","21","0","0","0","0","1","0","0","0","","21","4"
"2015-09-18 05:18:16.300","","0 ","0 ","0 ","0 ","0 ","0 ","0 ","0 ","0 ","0 ","","0","21","0","0","0","0","1","0","0","0","","21","4"
"2015-09-18 05:18:16.400","","0 ","0 ","0 ","0 ","0 ","0 ","0 ","0 ","0 ","0 ","","0","21","0","0","0","0","1","0","0","0","","21","4"
"2015-09-18 05:18:16.500","","0 ","0 ","0 ","0 ","0 ","0 ","0 ","0 ","0 ","0 ","","0","21","0","0","0","0","1","0","0","0","","21","4"
"2015-09-18 05:18:16.600","","0 ","0 ","0 ","0 ","0 ","0 ","0 ","0 ","0 ","0 ","","0","21","0","0","0","0","1","0","0","0","","21","4"
"2015-09-18 05:18:16.700","","0 ","0 ","0 ","0 ","0 ","0 ","0 ","0 ","0 ","0 ","","0","21","0","0","0","0","1","0","0","0","","21","4"
"2015-09-18 05:18:16.800","","0 ","0 ","0 ","0 ","0 ","0 ","0 ","0 ","0 ","0 ","","0","21","0","0","0","0","1","0","0","0","","21","4"
"2015-09-18 05:18:16.900","","0 ","0 ","0 ","0 ","0 ","0 ","0 ","0 ","0 ","0 ","","0","21","0","0","0","0","1","0","0","0","","21","4"
"2015-09-18 05:18:17.000","","0 ","32 ","32 ","101 ","32 ","0 ","0 ","101 ","101 ","0 ","","0","21","0","0","0","0","1","0","0","0","","21","4"
"2015-09-18 05:18:17.100","","33 ","31 ","31 ","101 ","30 ","33 ","33 ","62 ","63 ","33 ","","0","1","0","1","0","0","0","0","18","0","","21","4"
"2015-09-18 05:18:17.200","","0 ","0 ","0 ","0 ","0 ","0 ","0 ","0 ","0 ","0 ","","0","0","0","0","2","0","0","0","0","0","","21","4"
"2015-09-18 05:18:17.300","","0 ","0 ","0 ","0 ","0 ","0 ","0 ","0 ","0 ","0 ","","0","0","0","0","2","0","0","0","0","0","","21","4"
"2015-09-18 05:18:17.400","","0 ","0 ","0 ","0 ","0 ","0 ","0 ","0 ","0 ","0 ","","0","0","0","0","2","0","0","0","0","0","","21","4"
"2015-09-18 05:18:17.500","","0 ","0 ","0 ","0 ","0 ","0 ","0 ","0 ","0 ","0 ","","0","0","0","0","2","0","0","0","0","0","","21","4"
"2015-09-18 05:18:17.600","","0 ","0 ","0 ","0 ","0 ","0 ","0 ","0 ","0 ","0 ","","0","0","0","0","2","0","0","0","0","0","","21","4"
"2015-09-18 05:18:17.700","","0 ","0 ","0 ","0 ","0 ","0 ","0 ","0 ","0 ","0 ","","0","0","0","0","2","0","0","0","0","0","","21","4"
"2015-09-18 05:18:17.800","","0 ","0 ","0 ","0 ","0 ","0 ","0 ","0 ","0 ","0 ","","0","0","0","0","2","0","0","0","0","0","","21","4"
"2015-09-18 05:18:17.900","","0 ","0 ","0 ","0 ","0 ","0 ","0 ","0 ","0 ","0 ","","0","0","0","0","2","0","0","0","0","0","","21","4"
"2015-09-18 05:18:18.000","","32 ","101 ","34 ","85 ","0 ","66 ","0 ","0 ","0 ","0 ","","0","0","0","0","2","0","0","0","0","0","","22","4"
"2015-09-18 05:18:18.100","","44 ","59 ","79 ","48 ","88 ","35 ","92 ","58 ","101 ","57 ","","1","24","0","0","0","1","0","0","0","1","","22","4"
"2015-09-18 05:18:18.200","","0 ","0 ","0 ","0 ","0 ","0 ","0 ","0 ","0 ","0 ","","0","2","0","1","4","0","0","1","3","0","","22","4"
"2015-09-18 05:18:18.300","","0 ","0 ","0 ","0 ","0 ","0 ","0 ","0 ","0 ","0 ","","0","0","0","0","0","0","0","0","1","0","","22","4"
"2015-09-18 05:18:18.400","","0 ","0 ","0 ","0 ","0 ","0 ","0 ","0 ","0 ","0 ","","0","0","0","0","0","0","0","0","1","0","","22","4"
"2015-09-18 05:18:18.500","","0 ","0 ","0 ","0 ","0 ","0 ","0 ","0 ","0 ","0 ","","0","0","0","0","0","0","0","0","1","0